Iteration,Inlet Monitor Point Temperature (°C),Outlet Monitor Point Temperature (°C),TPU Monitor Point Temperature (°C),VRM 1 Monitor Point Temperature (°C),VRM 2 Monitor Point Temperature (°C),VRM 3 Monitor Point Temperature (°C),VRM 4 Monitor Point Temperature (°C),HBM 1 Monitor Point Temperature (°C),HBM 2 Monitor Point Temperature (°C),HBM 3 Monitor Point Temperature (°C),HBM 4 Monitor Point Temperature (°C),HBM 5 Monitor Point Temperature (°C),HBM 6 Monitor Point Temperature (°C),HBM 7 Monitor Point Temperature (°C),HBM 8 Monitor Point Temperature (°C),Inlet Monitor Point Pressure (N/m2),Outlet Monitor Point Pressure (N/m2)
1,35.0,35.4605320461012,27.074662501813172,31.50508978011458,32.285390030447324,33.24875664732206,34.11710437932924,25.09912741294199,24.889642282635982,24.899722836551227,24.704415127161944,24.395553984992738,24.172126048300548,24.268913429429993,24.08607380652071,25343.22478083264,14907.512081263707
2,35.0,35.905227684095955,31.978839731133647,40.691202485453985,41.259166522351975,42.18712757381333,42.92823554283474,29.25376266778993,29.035110314234174,29.248230286274406,29.05745759898747,28.643383944043862,28.397313289854964,28.780940818957717,28.614686419736998,25674.54486626878,14817.722971482117
3,35.0,36.334427580621316,36.71805562184361,49.568838954826255,49.931583515579554,50.82532566735734,51.443458487287025,33.26855850380718,33.04104617897011,33.45040042659762,33.26401076397281,32.74825093686784,32.4802964666873,33.14115030566965,32.99092525378473,25994.169146240936,14730.352104256674
4,35.0,36.74848793413519,41.29767591538735,58.148175026856826,58.312578321615895,59.17324846672219,59.67252781711327,37.14803866709297,36.911963324975,37.51097478926945,37.32882124826772,36.71478339950762,36.42567857922335,37.3544671108646,37.21973416091546,26302.32645917818,14645.15526648069
5,35.0,37.14778298142737,45.72291648988735,66.43907545989346,66.41178516623079,67.24049175799685,67.62490117470058,40.89660526104511,40.65225390282899,41.43456596395451,41.256506565192154,40.547484616478755,40.2379383288708,41.42568135715196,41.30592127024964,26599.26795048619,14561.92640699039
6,35.0,37.532706420848264,49.998850410825526,74.45110638609302,74.23854737561635,75.03636171605098,75.3097512212909,44.51854485118869,44.266194858821805,45.225663947710856,45.05156147043651,44.2507389432011,43.92143631187797,45.35945462427625,45.25416556453011,26885.268352706647,14480.498385323488
7,35.0,37.903671787840096,54.13041374541517,82.19354634809683,81.80192815409454,82.56988563906107,82.73597621632409,48.0180333653971,47.75795282399318,48.88864128166003,48.718363104262664,47.82881681988138,47.48042000560106,49.16032528521815,49.069022236450664,27160.626222774048,14400.742695385869
8,35.0,38.26111184492856,58.12241020914335,89.6753959928437,89.11072002764169,89.84982135030137,89.91220926924669,51.39913985692231,51.13158786635751,52.42775704254151,52.261174988403944,51.2858786443954,50.919027614696525,52.83271269049569,52.754926892506894,27425.663198367605,14322.568225426967
9,35.0,38.60547707172434,61.97951473614247,96.90538652004608,96.17345305046518,96.88466536438557,96.84682636079842,54.665829220866804,54.391056196932176,55.847159780049346,55.68414996856823,54.625977594929985,54.24129086796783,56.3809202917876,56.316198695513826,27680.722358752093,14245.919139140882
10,35.0,38.93723336022008,65.70627608458209,103.89198700218994,102.9984018912114,103.68265993449141,103.54795325013997,57.82196397429493,57.54021193975534,59.15088951040576,58.99133221300484,57.85306151270609,57.45113687615782,59.80913781554986,59.75704255648367,27926.165795242978,14170.771982470904
11,35.0,39.25685903640421,69.30711860380865,110.6434107082664,109.59359193074121,110.25179911245974,110.02347139955069,60.87130522575296,60.58280809165079,62.34287889218898,62.18665839315824,60.970973970671324,60.552389176546214,63.12144261285215,63.08155050211117,28162.37151217261,14097.132136455251
12,35.0,39.56484134073583,72.78634330129402,117.16762057459141,115.96680451456686,116.59983396481755,116.2810230595885,63.817512971330956,63.52249680886155,65.42695372178814,65.27395818378714,63.98345466541038,63.54876810157252,66.32180032300917,66.29370235546266,28389.729790760866,14025.029747996707
13,35.0,39.861672507245764,76.14812835448782,123.47233397292774,122.12558150991038,122.73427709464295,122.32801566447787,66.66414586146597,66.36282916474072,68.40683289291657,68.2569542269856,66.89413927658433,66.4438906157683,69.41406499563382,69.39736587451482,28608.639155520254,13954.515277682658
14,35.0,40.147845583988826,79.39652921545157,129.565026928734,128.07722931996335,128.66240662181136,128.17162569011782,69.41466058549824,69.10725452550095,71.28612796741926,71.13926170734723,69.70655894101816,69.24126976809205,72.4019788185366,72.3962964959875,28819.502085789394,13885.654806762928
15,35.0,40.423850136423724,82.53547845483017,135.4529379408777,133.82882250644735,134.39126977268194,133.81880212562743,72.07241101969923,71.75911968973068,74.06834250330952,73.92438768421269,72.42413948725927,71.94431390546418,75.28917159758934,75.29413683060663,29022.720613844605,13818.525244265007
16,35.0,40.69016797029997,85.56878548655283,141.14307154882522,139.38720716625963,139.92768622497144,139.27626970403816,74.64064727935454,74.32166793225062,76.75687128082744,76.61573032179757,75.05020057129063,74.55632578816122,78.07916012952172,78.09441605078389,29218.6919460468,13753.209570249324
17,35.0,40.9472690021378,88.50013630600077,146.64220178451237,144.7590041991852,145.27825134475916,144.5505320289445,77.1225148068573,76.79803808425659,79.35499955867775,79.21657814936361,77.58795484545169,77.08050173909874,80.7753475999793,80.800549303059,29407.804234991334,13689.792242733014
18,35.0,41.195607393826215,91.33309336266228,151.95687563423255,149.95061259179914,150.44933944071147,149.64787472207252,79.52105361607704,79.19126377000401,81.86590248090752,81.7301094718977,80.04050728092537,79.51993094733866,83.38102312746797,83.41583726594637,29590.432619071547,13628.35488426848
19,35.0,41.435618053726444,94.07109567400703,157.093416621446,154.9682128282556,155.44710714618736,154.57436870230453,81.83919779900577,81.50427290602745,84.2926447406144,84.15939203749416,82.41085474988431,81.87759503189193,85.89936155953512,85.94346595955244,29766.935631733086,13568.972350043461
20,35.0,41.66771359048863,96.71745927098667,162.05792860494952,159.81777052220215,160.2774970234313,159.3358736902457,84.07977538438236,83.73988755258715,86.63818059036907,86.50738305132782,84.70188595708474,84.15636795558353,88.33342361122472,88.38650689701672,29937.652066519782,13511.709263206922
21,35.0,41.89228178812895,99.2753780477675,166.85629986890854,164.5050403461296,164.94624146612998,163.93804201449373,86.2455086202188,85.90082418925823,88.90535427145173,88.77692960832267,86.91638179291672,86.35901636096823,90.68615641805556,90.74791765004073,30102.898366355297,13456.617085481736
22,35.0,42.10968365234545,101.74792506959544,171.49420756241895,169.0355703156363,169.45886695778222,168.38632277694893,88.3390147334698,87.98969446789549,91.0969009153148,90.97076959793107,89.05701616123388,88.48820038159987,92.96039455707816,93.03054288207476,30262.966586939005,13403.731772572195
23,35.0,42.32025205913739,104.13805437364938,175.97712252709388,173.41470646692284,173.82069872416662,172.68596641534103,90.36280720106393,90.0090064771847,93.21544795165488,93.09153311541138,91.12635731626028,90.54647496293313,95.1588615705326,95.23711588369926,30418.12296522455,13353.072044976883
24,35.0,42.52429101807892,106.44860327889745,180.31031453220848,177.64759794687515,178.0368657992368,176.84202968219805,92.31929754769573,91.9611665341718,95.26351703865221,95.14174439516583,93.12686972405025,92.53629170831448,97.28417200779981,97.3702606259067,30568.60710523886,13304.638286118652
25,35.0,42.72207554459074,108.68229520284089,184.49885791868707,181.739202516852,182.1123065055315,180.85938104124347,94.2107976676675,93.84848150005205,97.24352651282125,97.12382426358509,95.06091644586422,94.46000124740767,99.33883398321994,99.43249432887052,30714.631775494978,13258.412061710716
26,35.0,42.913852118711816,110.84174296606994,188.5476376361438,185.69429245422472,186.05177433312062,184.74270646514532,96.03952265113097,95.67316160056146,99.15779433897009,99.04009309190201,96.9307620238817,96.31985610745738,101.32525223040065,101.42623052683734,30856.383295414074,13214.356237451037
27,35.0,43.0998396926008,112.92945255016919,192.46135564168932,189.5174608202249,189.85984418561614,188.49651560305134,97.80759407970928,97.43732371594507,101.00854152539415,100.89277421418211,98.73857583430166,98.11801405242468,103.24573161826254,103.35378259440134,30994.022472902037,13172.415656878062
28,35.0,43.280231195628005,114.94782726102987,196.24453761563134,193.21312804907475,193.54091894819814,192.12514827276956,99.51704374302035,99.1429950920157,102.7978959559633,102.68399776211402,100.48643585941748,99.856541841565,105.10248108059756,105.21736768594873,31127.686041860194,13132.51832786548
29,35.0,43.455195474718884,116.89917223831979,199.901539937786,196.7855488019708,197.099236321201,195.6327812210512,101.1698177163324,100.79211741252831,104.52789657946798,104.41580485696824,102.17633281896249,101.53741934772911,106.89761789961977,107.01911102876355,31257.488537212685,13094.577055046811
30,35.0,43.624879598769176,118.78569924291725,203.4365568590735,200.23881902045167,200.53887585376765,199.02343508639825,102.76778073065628,102.3865511641681,106.20049788765881,106.09015209016181,103.81017459209258,103.16254396673841,108.63317227505212,108.76105050134873,31383.52453619459,13058.491446631835
31,35.0,43.78941144958278,120.6095316476458,206.85362779650652,203.57688310712118,203.8637661055196,202.30098149226168,104.31272076012671,103.92808021899839,107.8175746069568,107.70891621740897,105.38979085491872,104.73373524273255,110.31109210383205,110.44514142205712,31505.871188278623,13024.150217720331
32,35.0,43.94890251792677,122.37270955269378,210.1566446756326,206.80354115765533,207.0776918601497,205.46915019445714,105.80635374758675,105.41841655527743,109.38092652487036,109.27389898749688,106.91693785456168,106.25273963044786,111.93324789157508,112.07326146918062,31624.590952263836,12991.433708372948
33,35.0,44.103450821919104,124.07719494562981,213.34935924293165,209.92245616646562,210.18430131328827,208.53153620507186,107.25032838783467,106.8592050360971,110.89228337069494,110.78683202526479,108.3933032392447,107.72123531392819,113.50143771547,113.64721565218251,31739.734457673327,12960.216533331875
34,35.0,44.253143865965434,125.72487682683636,216.4353902714905,212.93716112921695,213.18711315782033,211.49160681596672,108.64623088891621,108.25202816622155,112.353309670992,112.24938168928618,109.82051086486142,109.14083700209265,115.01739215919896,115.16874125467479,31851.343408611163,12930.370281295285
35,35.0,44.398061561680564,127.31757622431451,219.41823058632744,215.8510659684528,216.0895234928865,214.3527084480335,109.9955896349932,109.5984107506517,113.76560950348741,113.66315382789664,111.2001255016027,110.51310062473094,116.48277914361422,116.63951267288222,31959.453451450016,12901.766184879416
36,35.0,44.5382790374559,128.85705102695584,222.301253840798,218.66746421364306,218.8948124878642,217.11807325743476,111.29987967947464,110.89982438359594,115.13073107818136,115.02969836236164,112.53365736937927,111.83952785765062,117.89920858205296,118.06114607848367,32064.096932949044,12874.277687637868
37,35.0,44.673869270309304,130.34500057226902,225.0877209823291,221.38953937379011,221.60615073944484,219.79082543687565,112.56052700400302,112.15769170343603,116.45017108136469,116.35051363288194,113.82256643768214,113.12157041260681,119.26823679607178,119.43520384162049,32165.305482378488,12847.782841492615
38,35.0,44.8049054820877,131.78306993290573,227.7807863540079,224.02037094901095,224.2266052682083,222.3739871582422,113.77891248725768,113.37339035764454,117.72537872660266,117.62705045149963,115.06826643389019,114.36063403601179,120.59137063574444,120.76319865822474,32263.11235966373,12822.166476374694
39,35.0,44.93146325167079,133.17285385583062,230.383503387981,226.56294003694612,226.75914511052642,224.87048411237768,114.95637553705174,114.54825663112605,118.95775946625747,118.86071581547867,116.27212851354713,115.55808216993563,121.87007125817571,122.04659733532746,32357.554521141115,12797.322093459461
40,35.0,45.053622305216145,134.5159003182994,232.8988298568664,229.02013450009676,229.20664647188175,227.28315061202042,116.09421734952865,115.68358870178405,120.14867832744874,120.05287624506092,117.43548455645866,116.71523923923792,123.1057575282074,123.2868241983319,32448.674364911993,12773.153443782301
41,35.0,45.17146795735931,135.81371367561124,235.32963266011433,231.3947536709292,231.57189741842276,229.614734234667,117.19370377008033,116.78064949793091,121.2994628471624,121.20486072031053,118.55963006327417,117.83339353948463,124.29980901610317,124.48526409504485,32536.521128656328,12749.575764902405
42,35.0,45.28509218730817,137.0677573865578,237.67869213314532,233.68951258247932,233.85760209447355,231.86789999302187,118.2560677415754,117.84066914312558,122.41140559218341,122.31796320272397,119.64582663818346,118.91379971127034,125.45356857795944,125.64326498222198,32621.151923794692,12726.51665931606
43,35.0,45.39459434463457,138.27945631328905,239.94870587782495,235.9070457229267,236.06638446445166,234.04523403143256,119.28251133629587,118.86484698483343,123.48576626033338,123.39344473808865,120.69530405416654,119.9576807973742,126.56834451539461,126.76214009118527,32702.63240075298,12703.916609192791
44,35.0,45.50008148997581,139.4501986026618,242.1422921231213,238.04991032289428,238.2007915879365,236.14924685699953,120.2742073783363,119.8543532136583,124.52377336984794,124.43253514742717,121.70926190758927,120.96622988953303,127.64541232141868,127.84316967942267,32781.03705049532,12681.729132424909
45,35.0,45.601668385550745,140.58133716576546,244.26199263435836,240.12058919380348,240.2632964462022,238.18237612362407,121.23230067285944,120.81033008953723,125.52662555336605,125.43643432250072,122.68887087857665,121.94061138125433,128.68601602902143,128.8876023847139,32856.4491571843,12659.920594680369
46,35.0,45.69947715913959,141.6741907810058,246.31027519810803,242.12149314424414,242.25630034716204,240.14698899589166,122.15790886729775,121.7338927999837,126.49549248169518,126.40631315103784,123.63527362228879,122.88196185178523,129.6913691877066,129.8966562070168,32928.96042557383,12638.469700900985
47,35.0,45.79363667278556,142.73004485367647,248.28953571725717,244.05496300881558,244.18213494316691,242.04538412718543,123.05212297715009,122.62612998302515,127.43151545007503,127.34331410441247,124.54958532378419,123.79139061391376,130.66265550075593,130.87151915090422,32998.67031434992,12617.366697303247
48,35.0,45.884281633799084,143.75015187121676,250.20209995699943,245.92327133011247,246.0430639023188,243.87979329264496,123.91600761529956,123.48810395375737,128.33580766593545,128.24855152676906,125.4328939554298,124.66997996455353,131.60102916227802,131.81334956761228,33065.68511295936,12596.612321269
49,35.0,45.97155149058017,144.73573159823255,252.05022498732987,247.72862373935894,247.84128427878954,245.6523827224158,124.75060096866746,124.3208506783279,129.2094542820322,129.12311166947936,126.28626028070596,125.51878518195207,132.50761493798296,132.72327624064675,33130.11680440194,12576.216541454265
50,35.0,46.05558915926031,145.68797105879287,253.83610037100422,249.4731600845801,249.5789276310238,247.36525418402547,125.55691456946141,125.12537954260281,130.05351222228342,129.9680525182559,127.11071765169515,126.33883431680415,133.3835080370613,133.60239826233195,33192.08175994918,12556.19713393643
51,35.0,46.136539629185634,146.60802435548214,255.56184914784467,251.1589553571244,251.25806093862596,249.02044586464442,126.33593291025323,125.90267296474998,130.86900984960647,130.78440346222294,127.90727164952129,127.13112782652917,134.22977382451967,134.4517847506598,33251.69931377436,12536.578142246815
52,35.0,46.214548495844184,147.49701237522274,257.2295286667605,252.78802046783747,252.88068736922222,250.61993310448244,127.0886129526631,126.65368590151203,131.65694652559273,131.5731648547841,128.67689961754508,127.89663810251118,135.04744742386325,135.2724744563344,33309.09026606075,12517.388269722314
53,35.0,46.28976046904476,148.3560224310374,258.84113131596285,254.36230292330177,254.44874694570015,252.1656290316845,127.81588357859128,127.37934529710797,132.41829211102095,132.33530751528832,129.42055013628556,128.63630893926495,135.8375332591755,136.06547530906755,33364.375362360755,12498.65925182015
54,35.0,46.362317902081706,149.1861078868043,260.3985851996913,255.88368745039696,255.96411716207066,253.65938514693286,128.51864503082837,128.0805495215911,133.15398645409712,133.07177221838413,130.139142486926,129.3510549923788,136.60100458353085,136.83176395006612,33417.673794906994,12480.424253972322
55,35.0,46.432359384397756,149.98828780879015,261.9037548064596,257.3539966141281,257.4286135928896,255.10299190265647,129.19776838661494,128.75816784223207,133.86493891004804,133.78346921468977,130.83356614700207,130.0417612688267,137.33880303741483,137.57228529439024,33469.10176835501,12462.71633733908
56,35.0,46.50001843603805,150.76354668348435,263.3584417095265,258.774991469369,258.8439905368759,256.4981793174497,129.8540951034682,129.41303996724173,134.55202793143815,134.4712778221509,131.50468035761517,130.7092826889851,138.05183827656637,138.28795216260153,33518.77116821937,12445.567030607132
57,35.0,46.56542233714553,151.51283423617514,264.7643853351744,260.1483722820455,260.21194173024236,257.84661766118205,130.4884366715149,130.04597569607088,135.21610076350208,135.13604612237899,132.15331379643507,131.354443754614,138.7409877035775,138.97964501604156,33566.788365223205,12429.005040940252
58,35.0,46.628691120066414,152.2370653789853,266.1232638286157,261.47577934952676,261.53410115949714,259.14991824052515,131.10157440085587,130.65775470480978,135.85797327306747,135.77859079054613,132.7802643850418,131.9780383513449,139.40709633186853,139.64821182436182,33613.25318310055,12413.055131513067
59,35.0,46.689936745506735,152.93712031091948,267.4366950411488,262.7587939437893,262.8120439972731,260.40963430842066,131.69425936632754,131.2491264890502,136.4784299334818,136.3996970812515,133.38629925299466,132.58082970805887,140.0509768044918,140.2944680877638,33658.25805126447,12397.737186936045
60,35.0,46.74926247780275,153.61384478605993,268.70623765572896,263.9989393944727,264.04728767829374,261.62726211456913,132.26721252561623,131.82081048016457,137.07822398154585,137.00011898636293,133.97215487460696,133.16355052912746,140.67340958380694,140.91919702999508,33701.88735737607,12383.06548150555
61,35.0,46.80676246792834,154.26805055957186,269.9333924616122,265.1976823224315,265.24129312607386,262.8042421075076,132.82112502021238,132.37349634448574,137.65807775598603,137.5805795743667,134.53853738793515,133.72690330902023,141.27514332159762,141.52314997167548,33744.217008411586,12369.04815877793
62,35.0,46.86252154654513,154.90051601482674,271.1196037823453,266.35643402801173,266.39546613457367,263.941960292465,133.35665866234416,132.90784446852626,138.21868322064867,138.1417715144102,135.08612309914318,134.27156083243392,141.85689541284938,142.10704688717718,33785.31420250741,12355.686924653
63,35.0,46.91661522337261,155.51198696889045,272.26626105527777,267.47655203217965,267.5111589029278,265.0417497430911,133.87444660497482,133.42448662731857,138.76070266954264,138.68435778216414,135.61555916934603,134.79816685704313,142.41935273035108,142.67157714222387,33825.23740783587,12342.976950127964
64,35.0,46.96910988356775,156.10317764800317,273.37470055512335,268.55934176298666,268.5896717157242,266.1048922595056,134.37509418633255,133.92402682734328,139.28476960523994,139.20897253901558,136.1274644754214,135.307336970356,142.96317253166347,143.21740040375713,33864.03653917744,12330.906974299183
65,35.0,47.02006316678727,156.67477181962872,274.44620724901796,269.6060583747743,269.6322547562314,267.13262016004086,134.85917993539928,134.40704231047008,139.7914897771,139.71622217105792,136.62243063123438,135.79965960711596,143.48898352495385,143.74514770857135,33901.75331783947,12319.45959317623
66,35.0,47.06952451026706,157.2274240632843,275.4820167661252,270.6179086831282,270.64011003557425,268.12611818965325,135.3272567204213,134.8740847009723,140.28144236141853,140.20668646997987,137.1010231513568,136.27569720932556,143.99738707583023,144.25542267285456,33938.42179623358,12308.61171553782
67,35.0,47.117535833675596,157.7617611587522,276.48331746120374,271.59605319495535,271.614393417227,269.08652552434773,135.77985301890163,135.32568127407353,140.75518126199793,140.6809199343511,137.56378273575845,136.73598750736676,144.48895853370223,144.7488028211651,33974.06902484734,12298.335163485257
68,35.0,47.164132340738426,158.27838356748865,277.45125254873653,272.5416082102458,272.55621671337764,270.01493784814625,136.21747428475211,135.7623363217021,141.21323650685238,141.13945316701847,138.01122665116523,137.1810448979074,144.96424865341248,145.2258410105913,34008.71583658623,12288.597392592319
69,35.0,47.20934341071937,158.7778669811059,278.3869222822556,273.4556479701142,273.46664982775405,270.91240947716807,136.6406043863477,136.18453258919496,141.6561157148246,141.58279434239134,138.44385018284362,137.61136189234983,145.42378508594436,145.6870669239026,34042.377721551566,12279.362304642593
70,35.0,47.253193551787305,159.26076390971895,279.291386152389,274.3392068246132,274.3467229183952,271.7799555042833,137.0497070881469,136.59273275561287,142.08430560481176,142.01143071631273,138.86212812949105,138.02741060849712,145.86807391093112,146.13298860442023,34075.065764263985,12270.591124891645
71,35.0,47.29570338807702,159.72760528270464,280.16566507688447,275.1932813935355,275.1974285535812,272.6185539375332,137.4452275483017,136.98738093008845,142.49827352005505,142.4258301509733,139.26651631367085,138.4296442778721,146.29760118344873,146.56409400509247,34106.78761512182,12262.243315573925
72,35.0,47.33689065282762,160.17890203496927,281.0107435563915,276.0188326939548,276.0197238346652,273.429147806038,137.82759380523268,137.3689041371824,142.89846894050098,142.8264426278757,139.65745308078272,138.8184987416762,146.7128344681258,146.9808525248104,34137.54846846019,12254.277497952584
73,35.0,47.376771161293284,160.61514665310867,281.82757177104895,276.81678820951794,276.8145324608141,274.21264720838184,138.19721822743884,137.7377137655146,143.28532495753234,143.21370172314857,140.0353607608522,139.19439390966835,147.11422433489446,147.3837165062909,34167.35202088772,12246.652356524177
74,35.0,47.4153597390901,161.03681465779167,282.6170675948461,277.5880438784262,277.5827467125914,274.9699312803874,138.554498902759,138.09420695588688,143.65925968731625,143.58802602145795,140.40064706937073,139.55773515819186,147.50220579265377,147.7731226718005,34196.201385547836,12239.327500962314
75,35.0,47.4526710841795,161.4443660012105,283.3801185072219,278.33346597953835,278.32522933380864,275.70185006168947,138.8998209458223,138.43876790763247,144.02067760153335,143.949820447281,140.75370642593606,139.90891464609612,147.87719963963355,148.14949347551055,34224.09994048882,12232.264263923438
76,35.0,47.48872054369021,161.83824636142288,284.1175833843231,279.0538928989871,279.04281529403323,276.40922624347644,139.2335577054061,138.7717690849103,144.36997075723463,144.2994774952891,141.09492117242542,140.24831253028205,148.2396137122272,148.51323835425495,34251.05209232849,12225.42641584213
77,35.0,47.52352479013862,162.2188883187473,284.83029415566074,279.75013676302024,279.73631341745863,277.0928567830892,139.55607185676286,139.09357230800353,144.70751991091285,144.63737834492807,141.4246626757753,140.57629806594224,148.58984401740395,148.8647548618024,34277.063939758504,12218.780781203772
78,35.0,47.55710238520845,162.58671240295325,285.51905731546475,280.42298492633785,280.4065078674034,277.7535143747275,139.86771636755944,139.4045297182653,145.03369550545784,144.96389384786485,141.7432923040229,140.89323058014804,148.92827573738958,149.2044296753351,34302.143825033934,12212.297744385687
79,35.0,47.589474222981316,162.94212800370047,286.18465528173107,281.07320130889343,281.0541594794027,278.39194876921107,140.1688353297889,139.7049846090699,145.34885852237977,145.27938538068602,142.0511622679817,141.1994603111528,149.2552840990212,149.53263946654107,34326.30276532582,12205.951636891117
80,35.0,47.620663848259795,163.28553414041141,286.82784759966586,281.7015275778376,281.6800069395678,279.0088879394547,140.45976465374716,139.9952721188612,145.65336119541644,145.58420555896427,142.34861632465484,141.4953291095125,149.5712351039121,149.8497516334584,34349.5547595643,12199.721001552489
81,35.0,47.65069764928843,163.6173200914074,287.44937198986156,282.30868417491484,282.28476780851713,279.60503909194796,140.74083262381734,140.27571978604007,145.94754758529044,145.87869881245942,142.6359903421395,141.78117100077446,149.8764861192113,150.1561248928578,34371.91697006439,12193.588732946491
82,35.0,47.67960492765919,163.93786588560224,288.0499452449858,282.89537119306874,282.8691393946331,280.1810895279771,141.01236031926987,140.54664796889725,146.23175401884632,146.16320182468436,142.91361272924172,142.05731261295034,150.1713863322067,150.4521097364144,34393.409781708055,12187.542096746702
83,35.0,47.70741785139947,164.24754266324135,288.63026398194245,283.46226910919336,283.43379948357705,280.7377073615086,141.27466190648445,140.80837013699735,146.5063093989945,146.43804384326376,143.18180473621734,142.32407347518736,150.45627707521686,150.73804875711576,34414.05674466845,12181.572633953216
84,35.0,47.73417130010965,164.54671291502783,289.1910052592995,284.01003938280104,283.9794069338288,281.27554210348774,141.52804481185504,141.06119304327396,146.77153539474492,146.7035468703681,143.4408806359109,142.5817661969067,150.73149203007128,151.01427685520738,34433.88440953077,12175.675958809205
85,35.0,47.759902613480946,164.8357306114234,289.73282707221324,284.53932493281616,284.5066021504575,281.7952251247441,141.77280978708959,141.30541678854658,147.02774652306078,146.96002574495486,143.69114779701258,142.83069653912722,150.99735732392674,151.281121335425,34452.92206612936,12169.851461680604
86,35.0,47.78465125653969,165.11494123591353,290.25636873906234,285.0507505066859,285.01600745131026,282.29737001168024,142.00925088061868,141.54133479217285,147.2752501362667,147.20778813055088,143.93290666315826,143.07116339169662,151.25419153017,151.53890190926637,34471.20139943558,12164.101930191748
87,35.0,47.80845841649745,165.38468173754367,290.7622511955088,285.5449229575053,285.50822734131344,282.78257283042444,142.2376553303489,141.76923368407049,147.51434633026508,147.4471344238304,144.16645065311562,143.3034586716718,151.50230558967644,151.78793061757233,34488.75607736518,12158.433103445308
88,35.0,47.831366547124226,165.64528041905712,291.25107721271434,286.02243144586566,285.98384871159175,283.2514123161407,142.45830339402113,141.98939313436924,147.74532778983945,147.67835760026796,144.39206599832679,143.5278671591159,151.7420026687185,152.02851168971412,34505.62128641175,12152.853175193977
89,35.0,47.85341887710077,165.89705677749046,291.72343155695125,286.4838475836455,286.4434409806214,283.704450004703,142.67146813396315,142.20208563748022,147.968479587851,147.90174301367296,144.61003153460396,143.7446662871073,151.97357797034488,152.26094135620795,34521.83323155232,12147.372262372372
90,35.0,47.87465889886108,166.14032131412333,292.1798811078755,286.92972553699445,286.8875561946645,284.1422303239672,142.87741517306839,142.40757626741478,148.18407895517709,148.1175681664545,144.8206184648189,143.95412590279818,152.19731851609356,152.4855076316223,34537.42861692615,12142.001855453555
91,35.0,47.895129854029754,166.37537533026105,292.62097495229807,287.3606021053278,287.31672910429984,284.5652806614472,143.07640243841607,142.60612242076655,148.39239503782363,148.32610246704957,145.02409010900848,144.15650801594484,152.41350291448356,152.70249008422402,34552.44412338205,12136.754266690532
92,35.0,47.91487423073123,166.60251072448725,293.0472444694398,287.77699679229937,287.7314772330141,284.9741114243478,143.26867990811004,142.79797356293372,148.59368865680347,148.52760699010625,145.22070165748198,144.3520665504917,152.62240113189196,152.91215960797064,34566.91589816196,12131.642091476111
93,35.0,47.933933286841985,166.82200980580637,293.4592034224228,288.1794118834899,288.1323009525892,285.36921610668105,143.45448937569688,142.98337099194126,148.7882120851573,148.7223342537997,145.41069994129717,144.5410471135757,152.82427428020432,153.1147782112392,34580.87907078324,12126.67769685075
94,35.0,47.95234661172996,167.03414513555774,293.857348069204,288.5683325440007,288.519683578471,285.75107137664054,143.63406424498876,143.16254763268782,148.97620885495698,148.91052802712002,145.59432323293842,144.7236867947817,153.01937443409147,153.3105988351447,34594.36730765495,12121.872749662096
95,35.0,47.97015173723568,167.23917940918028,294.24215730434366,288.9442269473282,288.89409149649407,286.12013719560065,143.80762936631538,143.33572787264103,149.15791360532944,149.09242317817188,145.7718010882274,144.9002140066784,153.20794448896237,153.4998652125004,34607.412416174826,12117.237795091636
96,35.0,47.987383806662066,167.43736538691093,294.6140928409915,289.30754644488974,289.25597433033,286.4768569780969,143.9754009232347,143.50312744801016,149.33355198054494,149.26824557252883,145.94335423850313,145.0708483756694,153.39021806864892,153.68281177647563,34620.04400706543,12112.781894277885
97,35.0,48.00407530842085,167.6289458803674,294.973599440337,289.65872578342976,289.6057651568852,286.8216578000077,144.13758637660277,143.66495338729615,149.5033405850833,149.43821202855653,146.1091945399776,145.23580069006485,153.5664194897466,153.85966362587726,34632.289221590116,12108.512327647406
98,35.0,48.02025587879816,167.81415379977338,295.321105193561,289.9981833753317,289.9438807746719,287.1549506599496,144.29438447071038,143.82140401692564,149.66748700039798,149.60253033442578,146.26952498498127,145.39527291008542,153.73676378734257,154.03063655178698,34644.172528103634,12104.434368381131
99,35.0,48.03595217611544,167.99321226438502,295.6570218591208,290.32632162465376,290.2707220279684,287.4771307966966,144.44598530399864,143.97266903148085,149.8261898659033,149.7613993293397,146.424539777616,145.54945824231584,153.90145680466603,154.19593712809046,34655.71559020626,12100.551128257925
100,35.0,48.051187826433875,168.16633477654244,295.9817452560584,290.6435273095642,290.5866741874409,287.788578063287,144.59257046473024,144.11892962890144,149.97963902457275,149.91500904936441,146.5744244741984,145.69854127898873,154.06069534705983,154.3557628662978,34666.93720664293,12096.86347599084
101,35.0,48.065983438938105,168.33372545774736,296.2956557119847,290.95017201981733,290.8921073858678,288.08965735645006,144.73431322997308,144.26035870901453,150.12801573151717,150.06354093623168,146.7193561868557,145.8426982004598,154.2146673986508,154.51030243303518,34677.85332107605,12093.370026159875
102,35.0,48.08035668728595,168.4955793433094,296.5991185625308,291.24661264604885,291.1873771057415,288.3807190981227,144.87137882439632,144.39712113189222,150.2714929220537,150.20716810562467,146.859503846779,145.98209703737842,154.36355239823996,154.65973592672793,34688.47709801261,12090.067194997351
103,35.0,48.094322451569006,168.65208273045474,296.89248469739744,291.5331919160096,291.4728247138651,288.66209976416394,145.00392473372975,144.52937403088723,150.41023553412728,150.34605566980912,146.99502852199103,146.11689798740827,154.507521569283,154.8042352083479,34698.81905952365,12086.949317640903
104,35.0,48.1078930141265,168.80341357337855,297.17609114671336,291.81023897143734,291.748778036643,288.93412245396047,145.13210106632874,144.6572671737882,150.54440087853723,150.48036110806262,147.1260837830746,146.24725377994446,154.6467382974226,154.9439642796867,34708.88727599286,12084.00882006791
105,35.0,48.12107830131915,168.94974191757967,297.4502617002643,292.07806997811696,292.01555196861165,289.1970974934637,145.2560509551436,144.78094336439335,150.67413904927815,150.61023467721114,147.25281610916616,146.3733100811294,154.7813585478899,155.07907970147335,34718.68760299483,12081.236437790229
106,35.0,48.133886162515786,169.09123036495419,297.7153075512845,292.33698876081047,292.2734491058923,289.45132306333215,145.37591099153246,144.90053887594067,150.79959336544354,150.7358198537222,147.37536532565815,146.4952059306099,154.91153131423275,155.20973104279454,34728.22395555023,12078.621472535306
107,35.0,48.14632267698301,169.22803456055422,297.971527955923,292.58728745415925,292.52276039566533,289.69708584327356,145.49181168178825,145.01618390726512,150.92090083557252,150.85725379823415,147.49386506448457,146.61307420090975,155.03739908925724,155.33606135270543,34737.498610442504,12076.152077577739
108,35.0,48.15839247909438,169.36030369163802,298.2192108992135,292.82924716037644,292.7637657924818,289.93466166339687,145.60387791696962,145.1280030522723,151.03819263503826,150.97466783312177,147.60844323758508,146.72704207001115,155.15909834879108,155.4582076446392,34746.512527007464,12073.815562113174
109,35.0,48.170099092284836,169.48818098963832,298.4586337583679,293.0631386045402,292.9967349122238,290.1643161533779,145.71222944663006,145.23611577332215,151.1515945870814,151.0881879237002,147.7192225141453,146.83723149774167,155.27676003887734,155.5763013842259,34755.2656768162,12071.59870507552
110,35.0,48.181445262449216,169.61180422594416,298.6900639544759,293.289222778562,293.2219276747826,290.386305380505,145.81698134730635,145.3406368693836,151.2612276383581,151.1979351539383,147.8263207924786,146.94375969683196,155.390510057277,155.6904689713987,34763.75737294524,12069.488069073363
111,35.0,48.1924332820014,169.73130619290023,298.9137595841966,293.50775156540544,293.43959492703186,290.60087646817425,145.91824447713995,145.44167693033324,151.36720832038404,151.3040261880623,147.92985165792746,147.04673959001977,155.50046972066747,155.8008322081764,34771.98659004579,12067.4703056392
112,35.0,48.20306529654268,169.84681516215588,299.1299700237491,293.71896833585436,293.64997903839145,290.8082681871252,146.01612590873154,145.53934276949823,151.46964918898325,151.40657371015874,148.02992481888762,147.14628024530435,155.60675620965338,155.907508744238,34779.952267155706,12065.532443718366
113,35.0,48.2133435870035,169.95845531340328,299.33893649841076,293.92310851103133,293.85331446218225,291.008711512613,146.11072933323965,145.63373782745347,151.56865923476,151.50568683479557,148.12664651397048,147.24248728236435,155.70948298461374,156.01061249331522,34787.65358611441,12063.66215424065
114,35.0,48.223270821185686,170.06634712760305,299.5408926117852,294.12040008491937,294.0498282570224,291.2024301417625,146.20215542979244,145.72496254114208,151.66434425866993,151.60147148273725,148.22011988437566,147.335463244211,155.80876016646837,156.11025401448595,34795.09021950294,12061.847984681297
115,35.0,48.23285026980498,170.17060773996135,299.73606483026236,294.3110641023018,294.23974056368075,291.38964096651387,146.29050219544885,145.8131146735552,151.75680720793457,151.69403071699858,148.31044530671392,147.42530792931584,155.90469487761342,156.2065408536189,34802.262543205135,12060.079558691428
116,35.0,48.242085983377486,170.27135124916126,299.92467291932536,294.4953150887677,294.4232650340309,291.57055449880124,146.37586523218584,145.89828960044704,151.84614846878196,151.7834650357199,148.39772068276014,147.51211868069151,155.997391539515,156.2995778414594,34809.17180992946,12058.347737122493
117,35.0,48.25098292757038,170.36868898062272,300.10693032962786,294.67336143069883,294.6006092100231,291.74537524587464,146.45833798865962,145.98058055183324,151.93246611376867,151.8698726196192,148.4820416838875,147.59599062967675,156.0869521247212,156.3894673461173,34815.82028130775,12056.64473804657
118,35.0,48.25954707590917,170.4627297028322,300.28304453202327,294.84540570441277,294.77197485184547,291.9143020349341,146.53801195575684,146.0600788072879,152.01585610270553,151.95334953304354,148.56350194920236,147.67701689344344,156.17347636232077,156.47630947898537,34822.21131745963,12054.96421464707
119,35.0,48.26778545996638,170.55357979701003,300.4532173019552,295.0116449548642,294.93755821567726,292.0775282874738,146.6149768161804,146.13687384528387,152.09641243743735,152.0339898788703,148.64219323762674,147.7552887264724,156.25706189710408,156.56020225434443,34828.34942414359,12053.30129108749
120,35.0,48.275706178317684,170.64134338154093,300.617644954764,295.1722709254534,295.0975502825798,292.2352422448785,146.68932054947115,146.2110534479769,152.17422727188514,152.11188590866678,148.7182055353333,147.83089562740227,156.33780440383936,156.64124170406924,34834.24025877733,12051.652557627442
121,35.0,48.28331836661223,170.7261223936486,300.7765185345228,295.32747024154816,295.252136941133,292.3876271478753,146.7611294949242,146.28270376389264,152.249390979814,152.1871280905717,148.79162712099404,147.90392540371116,156.41579765913295,156.7195219499038,34839.890597670805,12050.016027316962
122,35.0,48.29063213204229,170.80801663172866,300.93002395993886,295.4774245512495,295.4014991273445,292.5348613733656,146.83048837579233,146.35190933190842,152.32199218372605,152.25980513829762,148.86254459223767,147.97446419762687,156.49113357427737,156.79513523671045,34845.30826775355,12048.39105753823
123,35.0,48.29765845629124,170.88712376254503,301.0783421316488,295.6223106277227,295.54581292615273,292.6771185329534,146.8974802889607,146.4187530707134,152.3921177490671,152.33000400544387,148.9310428575031,148.04259647745056,156.5639021932805,156.86817193088692,34850.502046872294,12046.778240459038
124,35.0,48.30440907167732,170.963539298128,301.2216490058585,295.7623004380404,295.68524963947056,292.81456753811443,146.96218666491012,146.48331623856495,152.4598527485701,152.3978098499423,148.99720509810808,148.1084049991142,156.6341916609036,156.93872048877893,34855.48153737322,12045.17926710083
125,35.0,48.31089631568238,171.03735654768045,301.3601156397507,295.89756118395303,295.8199758261824,292.94737263741456,147.02468720325618,146.54567836862753,152.52528040202787,152.463305973929,149.06111270582363,148.17197074326032,156.70208816600447,157.0068674003856,34860.25701815504,12043.596770196367
126,35.0,48.317132969356884,171.10866655009622,301.4939082143696,296.02825532029294,295.9501533198008,293.0756934314815,147.0850597894494,146.60591718547934,152.58848199708459,152.52657374463163,149.1228452015407,148.23337283343093,156.76767586578012,157.07269711395207,34864.83928068132,12042.03415131494
127,35.0,48.32313208522611,171.17755799282594,301.6231880408248,296.15454055684654,296.0759392296172,293.1996848715597,147.14338039835263,146.66410850850278,152.64953679676753,152.58769250199364,149.18248014074857,148.29268844108407,156.83103679663364,157.1362919471747,34869.23945457411,12040.495397866685
128,35.0,48.328906810292494,171.24411712278985,301.7481115556144,296.27656984949226,296.19748593114116,293.31949724744203,147.19972299037798,146.7203261478406,152.708521939446,152.64673945872246,149.24009301150892,148.34999268312154,156.89225077735668,157.19773199071054,34873.46882838136,12038.984895568612
129,35.0,48.33447020954657,171.30842765485306,301.8688303106825,296.3944913862121,296.3149410514377,293.4352761703821,147.25415940568152,146.77464179841607,152.76551233671964,152.70378959826442,149.29575713042618,148.40535851742774,156.95139531013328,157.25709500949694,34877.53867092777,12037.507241772239
130,35.0,48.339835095076275,171.37057068305123,301.9854909634915,296.50844857325427,296.42844745463805,293.5471625562625,147.30675926158688,146.82712493718762,152.82058057441213,152.75891557588176,149.3495435417871,148.45885664159246,157.0085454845445,157.31445634706185,34881.46005833635,12036.067064730909
131,35.0,48.34501386541885,171.430624599307,302.0982352719431,296.618580026275,296.53814323245115,293.6552926138418,147.35758985796232,146.87784272836294,152.8737968213984,152.8121876275607,149.40152092459653,148.5105553995436,157.06377388930576,157.36988883755626,34885.24371136265,12034.668853439638
132,35.0,48.5,173.168,305.355,299.8,299.707,296.779,148.829,148.346,154.414,154.354,150.906,150.007,158.662,158.974,35000.0,12000.0
133,35.0,48.50042560389274,173.1580671697316,305.3522431957611,299.8073896418766,299.69766915797305,296.77325414283763,148.8314295203864,148.34758408892122,154.40546467988912,154.3571769995411,150.89659026587836,150.00158095730498,158.65313232038775,158.98370209786847,35000.97627007854,12000.976270078547
134,35.0,48.50475095060336,173.16492063808886,305.359939727953,299.8050188818461,299.7149950901133,296.7766048492765,148.838992511027,148.34417026318593,154.412539456289,154.34708350668927,150.91264269870027,150.00421339517456,158.67171073066768,158.98377251361347,35004.30378732745,12004.303787327448
135,35.0,48.49557907411266,173.16519916647823,305.34826921495494,299.8022294890329,299.7074082101882,296.76950253419255,148.82032120927005,148.34500003206148,154.41027361532232,154.36182673740436,150.90429400268417,150.0115530599586,158.67000170409858,158.98286435093164,35002.055267521435,12002.055267521433
136,35.0,48.490508902422846,173.17216000392463,305.3583816409336,299.8063507995077,299.70220601997994,296.78475946064435,148.82423853284337,148.3525556903593,154.42314548925768,154.35648107449722,150.90344964377923,149.9992533560944,158.66068572528755,158.96491378776247,35000.89766365994,12000.897663659938
137,35.0,48.507660920619536,173.1685707577029,305.35834896990343,299.8018406036543,299.7058330792571,296.7692479163962,148.83343935610674,148.3463620867513,154.41024229862177,154.35254763391882,150.89822835406574,150.0091554130013,158.66300229387895,158.97711089022332,34998.47309598678,11998.473095986777
138,35.0,48.5025458403,173.17573270959178,305.35378360892656,299.8000464493062,299.70595349649057,296.77084347852184,148.82665275160423,148.350491635112,154.41300187738696,154.3461571508141,150.9083948167426,150.01331498923545,158.66737476632207,158.96571991938836,35002.91788226133,12002.917882261334
139,35.0,48.50318824188019,173.16098900363363,305.3518580805914,299.7915434221649,299.6980009854952,296.7700928614814,148.81903379504178,148.35582753050463,154.41244922154885,154.361264774205,150.8988948894502,150.01662538765206,158.66294071188946,158.98164025147787,34998.75174422526,11998.751744225254
140,35.0,48.496963361189145,173.17181775972628,305.35462108934325,299.80816660006997,299.70920520333516,296.78669237164286,148.8258885243903,148.35089293309457,154.41223571402514,154.34426054944126,150.9144882970078,149.99827489682644,158.65492341552832,158.97159626834934,35007.83546001564,12007.835460015642
141,35.0,48.4944971188161,173.16907148887879,305.3612915448948,299.7981724291574,299.7141299229551,296.7760377109268,148.83011425860784,148.34326904590313,154.42274677261904,154.34998159215073,150.91266914542663,150.01299919496722,158.65272959412357,158.97228144383743,35009.27325521002,12009.27325521002
142,35.0,48.49596169995609,173.16436158796716,305.35566043387576,299.8075683726573,299.7160991276022,296.7859498748793,148.82343017500602,148.33762833196656,154.41286984771446,154.35560267052088,150.9059406455436,149.9989389711055,158.65336878281866,158.9677820653868,34997.66883037652,11997.668830376515
143,35.0,48.495833196618264,173.15930644231312,305.35606301246435,299.80066564052095,299.7032500399578,296.78366306623667,148.821770113396,148.34905838422608,154.4136965081217,154.34952850486226,150.9072455416696,150.00501735495365,158.66261752866703,158.97981823126867,35005.83450076165,12005.834500761654
144,35.0,48.50994108105744,173.17141764068194,305.34850425960985,299.8001343522669,299.7069455333395,296.7791573897435,148.81908246802843,148.34028923352096,154.4214384570666,154.35125158350365,150.91015521157075,150.01024315337983,158.65746681838058,158.97860856404066,35000.57789839506,12000.577898395059
145,35.0,48.50909434596774,173.16644331935325,305.3475221839176,299.80710111269985,299.69776262317083,296.7879287345808,148.82467726443673,148.33637390408393,154.40740219742284,154.34649991478662,150.90836254557124,150.01631171818474,158.6551177564948,158.98327804876791,35001.36089122188,12001.360891221879
146,35.0,48.493257952979306,173.1678649391862,305.34889102426354,299.80735473122826,299.7092943601369,296.7726666706355,148.83888355668802,148.34505972704306,154.40770817232823,154.35239608661934,150.8965236304334,150.00661800117908,158.6560813458274,158.96530850410764,35008.511932765854,12008.511932765854
147,35.0,48.506662785305906,173.17005005627377,305.3537978661925,299.7906879703806,299.6987741726615,296.77518006398896,148.83800369403426,148.3507270061512,154.41354941431806,154.36004766016853,150.89955560020454,150.00228224573084,158.66757122240617,158.97477765552404,34991.42072116396,11991.420721163957
148,35.0,48.509697919414734,173.16333774185074,305.35349400429953,299.8070464595399,299.7103916060737,296.77411429752595,148.82533025573812,148.34051302142177,154.40930699241082,154.34437689022545,150.91226255277917,150.00874834239247,158.66516815936632,158.9707119460584,34991.742585994034,11991.74258599403
149,35.0,48.495251080940655,173.16766425207757,305.3587537632263,299.80355368741175,299.7109772332898,296.7691843730472,148.82700558151018,148.34365098586815,154.40878975903092,154.3448871172246,150.9052570918554,149.99817157140683,158.65341204830798,158.96652954314112,34990.40436794881,11990.404367948806
150,35.0,48.503698185534255,173.17535660469855,305.36391554806085,299.7930819695721,299.7135634213999,296.78503388882746,148.83358458626907,148.34702323794622,154.415985781123,154.34769982838154,150.91553096448473,150.0089139393655,158.65367458846947,158.97931649058575,35006.65239691096,12006.652396910958
151,35.0,48.49234344884412,173.17759064424172,305.3559295349189,299.79184754389416,299.7010806669664,296.7717391319669,148.83710838142775,148.338189547685,154.41124856707088,154.34682128953972,150.90486320004436,150.00585046591036,158.66419474714561,158.96930027043675,35005.563135018994,12005.563135018998
152,35.0,48.4963283001818,173.17611749297512,305.34710323517277,299.7926449594338,299.7082604923507,296.78507262952746,148.834731602776,148.3433052755427,154.41155557640968,154.34446454535484,150.90465936051226,150.007668153743,158.66532928792566,158.97500328457355,35007.40024296493,12007.400242964937
153,35.0,48.50179470247342,173.16931902490109,305.36448929245876,299.80075779181396,299.70254968659526,296.78673661872574,148.82372646430065,148.3495276868487,154.41427631191232,154.35492777164893,150.9059489700632,150.0088449562985,158.6605001872823,158.96499034670916,35009.57236684465,12009.572366844655
154,35.0,48.5062852463269,173.17794947888487,305.358199773365,299.80667245840965,299.7034412626652,296.788464952732,148.8323724731201,148.34878483667376,154.41282319466373,154.35812625976885,150.89681439927102,150.00518945928593,158.66684342427848,158.98216426211366,35005.98317128434,12005.983171284335
155,35.0,48.50333747129438,173.16674377925077,305.3602586521462,299.80348584406823,299.69705593335937,296.7875459237356,148.8254821933066,148.33628983675789,154.42077522602614,154.35170761225663,150.90737653383434,150.01107001536906,158.6624590902435,158.97414873564105,34999.229587245056,11999.22958724506
156,35.0,48.50154376551858,173.16795581432888,305.3579360665403,299.8024243966803,299.7061032102898,296.7722058858407,148.8277657879087,148.34102868626906,154.40635775907566,154.36150222650593,150.91363819612639,149.99777869968713,158.6689241368543,158.97344071543944,35005.610583525726,12005.61058352573
157,35.0,48.50022557343735,173.16679570148247,305.3555996192907,299.8056718990833,299.70394476287714,296.781129869403,148.83036750757068,148.34408037654816,154.4118348382295,154.35588125067702,150.8960462737157,149.9990687132434,158.65906531409524,158.97414831354263,34992.36548851738,11992.365488517378
158,35.0,48.50549132375568,173.165517160271,305.35797120869955,299.8064382593619,299.69804651263667,296.78755217789234,148.81915127103923,148.35217446413478,154.412820170734,154.34639695281274,150.91562599125928,150.00264514217596,158.66353604597768,158.97160856982802,35002.79842042655,12002.79842042655
159,35.0,48.50794080438021,173.1604992539671,305.364443541647,299.7999063833367,299.71093229939066,296.78235705026225,148.83737859235643,148.34685302901858,154.42198904764277,154.3521244346995,150.90130687289334,150.0000622980254,158.6557025220567,158.9650872850625,34992.86706574818,11992.867065748182
160,35.0,48.50640164537611,173.15914897956992,305.3577632351681,299.7921751581127,299.7127837043831,296.77456690426294,148.8389556779635,148.33959398946433,154.41458876401842,154.35471637399814,150.90395374386867,150.00300106734724,158.66702276710905,158.9758921174779,35008.89337834099,12008.893378340992
161,35.0,48.495495634209206,173.17093332313183,305.3550930139281,299.80937673600886,299.697709557928,296.78702439846893,148.81978863737294,148.3429672521096,154.41126769578477,154.3627111144778,150.9118161548409,150.00337715713712,158.65226546950157,158.98316441775853,35000.436966435,12000.436966435002
162,35.0,48.49751528110004,173.16722730269373,305.3594037217045,299.7965183443659,299.7027482493235,296.788273366268,148.83369618084865,148.3362911170227,154.40497553067877,154.35990987518363,150.90626975127253,150.01093060521433,158.65356538619136,158.98293358333174,34998.29323879981,11998.29323879981
163,35.0,48.4916510663065,173.16991971693838,305.3557705822355,299.80111406043085,299.71433642551636,296.78661277244066,148.83875905656222,148.34088394107766,154.41715260115268,154.34947023383756,150.89979159146867,150.01053253817156,158.66931904526908,158.97979878331876,34995.29111224209,11995.291112242092
164,35.0,48.49505789055754,173.17656564691328,305.3547880025187,299.7977309936124,299.7120056656097,296.786463771193,148.82605693783074,148.33711732308365,154.41176752058433,154.3584590444052,150.8997230713929,150.01584927844738,158.66048353808205,158.96697161313335,35005.484673788684,12005.484673788684
165,35.0,48.49009341310066,173.17623189803234,305.35750315750136,299.8080620415797,299.7106936692914,296.7842691009495,148.83488558854617,148.3467158195363,154.40893621010818,154.3558273402927,150.9091398313191,150.00517492937016,158.66227837541027,158.9836396552716,34999.12300664433,11999.123006644331
166,35.0,48.50228975626353,173.1584503240877,305.3500233662268,299.7973837727526,299.7117776306697,296.7828052802717,148.83284233898516,148.34409932196746,154.41688056011708,154.34908996151393,150.8986471353881,150.00861557882732,158.66400647051253,158.96895681949331,35001.36867897737,12001.368678977373
167,35.0,48.49764381507489,173.1740137984228,305.34819383272355,299.79732092053837,299.71569522337484,296.7777029034081,148.83866915660232,148.3471197853262,154.4223328528171,154.3447424446387,150.90110928876513,150.01113909470288,158.66139811209123,158.9697761233939,34990.375796008724,11990.375796008728
168,35.0,48.505660253136654,173.16607118631464,305.3534513305356,299.8072915775935,299.7151629001098,296.7760229890081,148.82950802881746,148.34822855141863,154.42168761494545,154.34667295721812,150.9028187233691,149.99917623309028,158.66675387550856,158.98317520439423,35002.352709941515,12002.352709941517
169,35.0,48.5082144134344,173.16760896043047,305.3553966116981,299.8088705400221,299.71148519330404,296.7837555574607,148.8305147278475,148.34107273071922,154.4184497022755,154.36292359293455,150.9153114509525,150.00494431567378,158.6700618503819,158.96555082200825,35002.24191445445,12002.24191445445
170,35.0,48.49468923774804,173.16445701582305,305.3605174143238,299.7963962217857,299.7088987093211,296.7847599196777,148.82153813119763,148.34815496582362,154.41966283462358,154.36341823613174,150.90615577739675,150.00389352294096,158.6663161663651,158.97904129331496,35002.33867993749,12002.338679937495
171,35.0,48.50445212712675,173.16890845925644,305.35756584349184,299.8046802952009,299.6990480478732,296.7838213823779,148.8330841298413,148.34170374824922,154.4076554338096,154.34771697608667,150.89610341258103,150.0095995608977,158.65588522061904,158.9661716164864,35008.87496157029,12008.874961570293
172,35.0,48.493435938338706,173.16944346024496,305.3470287259223,299.79962744892447,299.69849924350063,296.7841641471814,148.82995530354617,148.33821775140916,154.4170114804469,154.34760919020505,150.90640248910574,150.0043913517062,158.657699578125,158.974108991005,35003.63640598207,12003.63640598207
173,35.0,48.49925232294761,173.1649115238975,305.34878159298154,299.80227797297295,299.7040368226336,296.77545610737627,148.82436127402076,148.34774412362128,154.42192097331085,154.3493784749162,150.9150594543505,150.00013095076991,158.65915655603655,158.96916681445643,34997.19015801148,11997.190158011475
174,35.0,48.50917009997213,173.17465972061643,305.3515001543965,299.80719062871543,299.71467698444644,296.7708709162978,148.83584705726312,148.34292589668516,154.41307448387073,154.35662421132983,150.90799115933908,149.9985765872947,158.6620493719424,158.98239470711894,34998.740639075986,11998.740639075986
175,35.0,48.49588042647028,173.17286811001628,305.3454412658124,299.80419435817936,299.706040660257,296.78252629717514,148.8354817112756,148.34512552314382,154.40970151954508,154.3538899156522,150.90730584003904,150.01417602436865,158.66430462186722,158.98063696510533,35003.95262391854,12003.952623918545
176,35.0,48.49539929470754,173.16625055376295,305.35772931457694,299.80211832669715,299.71657752378053,296.7695969744737,148.83381321609892,148.34978939356512,154.4151861277945,154.3570685666188,150.8967265120444,150.01522414920143,158.6612138480846,158.96711232053846,34991.20450943259,11991.204509432586
177,35.0,48.507035582351314,173.16265886640684,305.3647374712148,299.8020484570706,299.7113283162247,296.7848289941399,148.83057435874719,148.35420202049946,154.41213667263736,154.35139521158627,150.90596718596663,150.013649802786,158.65371877007834,158.970637702816,35003.33533430891,12003.335334308913
178,35.0,48.494553672524276,173.16275338808424,305.34751499479495,299.8017287600105,299.6994211087118,296.77562743025715,148.83527575527214,148.33731258064813,154.42357713518214,154.34918801003968,150.9128007124109,150.00945314822667,158.6662467700926,158.96713481137056,35003.41275739236,12003.412757392363
179,35.0,48.504325920974544,173.15886133275956,305.35898672165195,299.808935167709,299.7060043025411,296.77074135609223,148.8233360259488,148.35108285521648,154.4219278538405,154.35703635946354,150.89782464858064,150.00274703225634,158.65298676347254,158.96851275652335,34994.20765122148,11994.207651221477
180,35.0,48.49006907469897,173.17130112253207,305.3628345985446,299.8028367004417,299.70947293640205,296.7720522361644,148.8384956867459,148.33756430928975,154.40670867755503,154.35834460504222,150.9067651377866,150.00502465603944,158.66460494007174,158.98309201239286,34992.5785259531,11992.578525953097
181,35.0,48.50212112877413,173.1641914795664,305.3572771118671,299.79479655087374,299.7167066729084,296.7872890045114,148.8255981031293,148.3370706232526,154.40810489845288,154.34587446269182,150.91276402296847,150.00937074395867,158.66833634495458,158.98070992900944,34996.30856701848,11996.308567018483
182,35.0,48.50665914063134,173.16734148610593,305.3468089045761,299.80545050227977,299.7089560660378,296.78030125116646,148.8301657637821,148.35312464025012,154.40842231334773,154.35407931526294,150.90686939500384,150.01263477106627,158.65608397738202,158.97510081844888,34997.27421541885,11997.274215418853
183,35.0,48.50798013857243,173.1747036763299,305.34823928315825,299.80675050743037,299.71602284257324,296.77361924701773,148.83576182529893,148.34522665396605,154.40797041110096,154.35738308180322,150.9143843502637,150.0152975085459,158.65720505571088,158.98368303722708,35001.40393540836,12001.403935408358
184,35.0,48.499611070516956,173.15902246908016,305.3482574802373,299.80535479729747,299.69867524801856,296.7836024613597,148.83279017966296,148.35539798903167,154.4158484772873,154.35267071909675,150.903781808424,150.01496944676714,158.6596652809039,158.96468860011058,34998.77203026925,11998.772030269247
185,35.0,48.50844524278206,173.1597063638966,305.3513239922756,299.7992648540663,299.7036884003805,296.77880083398924,148.82540304198437,148.33734938901873,154.42369608054102,154.35892542931848,150.91413039871762,150.00992885898015,158.6643437740392,158.97347436342213,35009.76747676118,12009.767476761184
186,35.0,48.49931090241363,173.15939564633368,305.35887910039673,299.79309220833716,299.7152562535822,296.7764511433655,148.83857665717045,148.33638938561282,154.41671243228316,154.3498429860567,150.90205758368793,150.004787198726,158.66062807967066,158.97388131159707,34992.04089621496,11992.040896214961
187,35.0,48.50695110181346,173.16071038161695,305.36395396999785,299.8060010367905,299.7061375695643,296.78872223424264,148.82578075300302,148.34896719877017,154.40669098862614,154.353530794894,150.9025291796122,150.01415099387452,158.6617620305875,158.98276361620276,34994.1775351219,11994.177535121897
188,35.0,48.508090372058206,173.17282304229036,305.3544844571495,299.79514579628443,299.71323398903166,296.77257187848215,148.83568708476395,148.3502526709727,154.42282136801367,154.34956076301802,150.90839849368584,150.00181432713202,158.66998943573984,158.97989768415053,34993.2261903577,11993.2261903577
189,35.0,48.49536877982451,173.17462322276984,305.3519722365098,299.7965847477024,299.7003056495705,296.77425627419797,148.82072565032286,148.3393942212409,154.41228270969586,154.35541610874893,150.91250364658535,150.00636334810704,158.65442476446296,158.98073708951878,35003.062166509306,12003.062166509308
190,35.0,48.50601625203502,173.1778756060393,305.361605223041,299.80983813431834,299.7005688864481,296.78528477106295,148.82854334431892,148.3526571040729,154.414576179855,154.34803086303694,150.90964378743863,150.0142865483863,158.66446827884053,158.96900065158462,34995.065832050794,11995.065832050796
191,35.0,48.505862635888896,173.17594190304138,305.346156332616,299.7968427580354,299.7015641883987,296.78332367975713,148.8236886207371,148.352273496694,154.40709305763795,154.35923776801013,150.91160485769632,150.00897565955003,158.66702354626509,158.9696595126564,34999.32621545713,11999.326215457126
192,35.0,48.502876762234315,173.1724632635854,305.35754962734626,299.79783941043814,299.7146673473148,296.7839665278171,148.83402762325554,148.34824283472813,154.41198173910325,154.36144787902387,150.898723632254,150.01636030649507,158.66976706617362,158.97174486087616,34994.88851184003,11994.888511840032
193,35.0,48.50766727099753,173.17326088379178,305.3616364178813,299.79305236143244,299.7167074329226,296.7835449745382,148.82376734650458,148.34817975521722,154.4064912202455,154.34830862419116,150.90499371572307,150.0054915978889,158.6534864192022,158.9698265060916,34993.17939167291,11993.179391672911
194,35.0,48.491948250395765,173.15986168393854,305.3627534949267,299.7957329180423,299.700443917704,296.77955224496003,148.8352268949662,148.3463820080703,154.41225031653477,154.36028217955464,150.8968595222162,150.00531080299987,158.65668372186343,158.97763467150475,34992.20750282329,11992.207502823287
195,35.0,48.49911320846334,173.16634874796458,305.36108576302183,299.80250670483366,299.71669645330087,296.7703170878476,148.8210989223636,148.33773721951871,154.41304638406024,154.35384309796132,150.90200291069908,150.01116459231724,158.6651330297984,158.97944951554973,35003.1265917893,12003.126591789305
196,35.0,48.49038231979329,173.16211952177315,305.36442274787,299.8044527806807,299.7160650031571,296.7889499992103,148.8272071151725,148.3374838375868,154.40803385641078,154.3514145329725,150.9132108934564,150.0110266649644,158.65955288477366,158.96689097518865,34992.763659026976,11992.763659026972
197,35.0,48.49305786537269,173.16679999131472,305.3613251524683,299.79807716027796,299.70921119717383,296.7865419957158,148.82526353194862,148.35579258030435,154.4132538800338,154.35217414553628,150.89730376825437,150.01508371018957,158.66103641907566,158.96698017576907,34993.9316472336,11993.931647233601
198,35.0,48.49854559629997,173.16396934911882,305.36297838135954,299.8036386618021,299.70109398776435,296.78559019298496,148.82654629974962,148.35220308461487,154.4060422331583,154.3610494793681,150.91184493034874,150.00399556104392,158.66785440575643,158.97778696921992,34997.37450341322,11997.374503413219
199,35.0,48.49386260905592,173.16102751316427,305.35766977776876,299.8058098666189,299.7042690397573,296.7745686701977,148.83088141685434,148.3513367435052,154.41270188540707,154.34562988529726,150.91486286287733,150.00501280972694,158.67079827289103,158.98379659169137,35006.41986459696,12006.419864596959
200,35.0,48.49365636158662,173.1696393693224,305.36247838230884,299.7922910912799,299.70904303283095,296.77869809506836,148.8365277653766,148.34149877704243,154.406247627218,154.35531977866043,150.90732408973224,150.00483176133812,158.6682603378856,158.97410857138647,34991.94202551586,11991.942025515862
201,35.0,48.50721803776728,173.17794111302746,305.3529134639485,299.7936928131637,299.71335210048267,296.7698178305026,148.83420413210965,148.3423519299763,154.41629473340845,154.36007729673923,150.9068012303764,150.00311572570837,158.66848545450497,158.96423403076787,35006.75889814998,12006.758898149976
202,35.0,48.4960256753182,173.16836027539995,305.3461143965828,299.79413673412853,299.71520886095726,296.7717481673966,148.82976675244558,148.33647332299796,154.40882553777965,154.35187879736648,150.90047020762094,150.0012160464835,158.66187627464853,158.97670782677991,34991.921968157876,11991.92196815788
203,35.0,48.49333723693581,173.17213227460962,305.3521011176297,299.79793857570763,299.70936736427655,296.7710652201863,148.83128950860643,148.34046395996123,154.40839915401597,154.3533825500515,150.90944796252998,150.00201562205265,158.67078776411128,158.97010857392618,35009.529189300265,12009.529189300269
204,35.0,48.506277907459584,173.16638210716752,305.35633960832195,299.79430607352333,299.71379320154665,296.7841913195974,148.8231246524555,148.34699495145506,154.42321569588984,154.36281200475594,150.90085581584887,150.00910234868772,158.65691325263703,158.97815838129114,34999.37302403295,11999.373024032953
205,35.0,48.50602593552936,173.1588047661911,305.3467772737869,299.8083031856491,299.6982502591283,296.7832414290445,148.8288136288354,148.33724156663678,154.41047552601503,154.36024950125244,150.89820704501125,150.0160348714064,158.65501542613526,158.9720062041261,35009.53522176381,12009.535221763806
206,35.0,48.50674262424393,173.16316407853034,305.3513655574252,299.8026410593857,299.70456928657995,296.77365644006943,148.8358914326861,148.33908799240004,154.4185969762423,154.34722277794137,150.90971158687125,149.99942956351538,158.6564671719343,158.97386229065975,35002.0969103949,12002.096910394901
207,35.0,48.508148645618945,173.16836533902497,305.36226975310205,299.8006826298463,299.70699328154086,296.77609569553886,148.82385644508417,148.3398751121926,154.4091018931314,154.35671648939737,150.9139689795701,150.0070040864663,158.66452592033806,158.97801926151396,35004.78527158796,12004.785271587965
208,35.0,48.503876909909685,173.17013961210176,305.3647841926649,299.8033463833264,299.69895907355,296.7743861582067,148.8294076690664,148.35562153975494,154.40413804102732,154.34772332670588,150.90624051724583,150.00964000993636,158.66246237639552,158.98208384771667,34990.783755845085,11990.783755845086
209,35.0,48.49094230097432,173.16359216211347,305.35760614520876,299.800051032683,299.71263411918,296.7731235136746,148.82695809446838,148.34131657896873,154.40538816676138,154.35869750203338,150.89633979907015,150.00468958668046,158.67135567999662,158.9787465992069,34995.65613925153,11995.656139251529
210,35.0,48.504664460564186,173.1735597157956,305.3528694301766,299.7921727728348,299.70254574378043,296.7764955924105,148.8331428446856,148.3439572982817,154.40960341833403,154.3512055644703,150.90928168466678,149.99759939090657,158.66897122115816,158.97573528461464,34992.40393122426,11992.403931224264
211,35.0,48.50659047328878,173.16317401668778,305.34845703941875,299.7918396776907,299.71000227344587,296.7851778460879,148.8264072229708,148.35336633428045,154.4147311525709,154.35402786544336,150.8976871593076,150.00192163607701,158.66941936656858,158.96576557825009,34995.922803950445,11995.922803950443
212,35.0,48.50193618996682,173.16444344003006,305.34626112601734,299.8024027455063,299.7157317384296,296.7861814401223,148.82990776974225,148.34421971970377,154.41802876591262,154.35064015289905,150.91111012836257,150.0124894290889,158.66061842102837,158.98206353921637,34992.37455437909,11992.374554379085
213,35.0,48.49753049929604,173.16689630221984,305.3613193210182,299.79206292372027,299.7160261871028,296.76933654007865,148.8316038252601,148.34315964264331,154.42130506904329,154.3478214905345,150.90932237269104,150.01014269919085,158.6663171860582,158.97978979395074,34996.35966358788,11996.35966358788
214,35.0,48.49476934959578,173.17467456061001,305.35211024796047,299.79235809566495,299.7111284237909,296.78400326008267,148.82211208654073,148.35107790666243,154.41130627158103,154.3485021352808,150.89765416985742,150.00486098599438,158.66023117873723,158.97132596722466,34998.28525989029,11998.285259890294
215,35.0,48.494623632283066,173.16952592663688,305.35584459665483,299.80600797181773,299.701771364637,296.7847135554187,148.8378461331943,148.34112524466116,154.41157177178493,154.36148150215823,150.90551909619955,150.01480432512412,158.65602866988604,158.97888282989638,34991.28294992698,11991.282949926976
216,35.0,48.505572446492856,173.1594016409642,305.3631576045246,299.8022434169598,299.71538346120195,296.7775808323645,148.8359269275334,148.35347358604776,154.4128606963947,154.3473889238923,150.90066211130755,150.01553874998365,158.671199742797,158.97478494783957,35003.8494423874,12003.8494423874
217,35.0,48.50161635058545,173.16092083317048,305.3625595855745,299.7912334491283,299.6981575544966,296.77016749274486,148.8344386613832,148.35240459068228,154.4088480843436,154.3572502075,150.91251555982114,149.99789373460638,158.66536610705484,158.96436948598205,35001.33202908413,12001.332029084131
218,35.0,48.49897019361333,173.16170287954054,305.3492618155791,299.79631231490475,299.70456082320817,296.78064042448915,148.81987961698925,148.33783542474117,154.42207647291684,154.35301909235534,150.90839617114796,150.00778382589726,158.671414764225,158.97459680622504,34995.30778981879,11995.30778981879
219,35.0,48.50236088329447,173.16126592047945,305.3629557006658,299.79464088823704,299.7082537089273,296.78188484588577,148.83355979827115,148.3429832413063,154.4192269283907,154.36159058299663,150.91350853099487,150.00673706418175,158.65348472084304,158.96769377116064,35000.46496106933,12000.464961069334
220,35.0,48.495766897225984,173.1615876290643,305.3561749375893,299.8086684073739,299.7140587349276,296.7820669001803,148.83280680917474,148.34996191806852,154.41997154950724,154.34425775418916,150.901483185816,150.01170748043486,158.67084966501886,158.97043480082505,34991.87881021517,11991.878810215168
221,35.0,48.50046446316623,173.1687799165856,305.36447824376285,299.80995207328505,299.7029006687406,296.787637663802,148.83878095786406,148.3530081814937,154.41145511405642,154.34922677712967,150.9141634460991,150.00500924277966,158.6572138485588,158.9822519849792,35001.51892991112,12001.518929911124
222,35.0,48.506698175988525,173.17218623934386,305.35397340056306,299.800665147957,299.6978132111576,296.7799728075927,148.8316426706292,148.3555751839696,154.42250622118047,154.34511156607084,150.91203079469088,150.00103911274337,158.65324920087136,158.97716380527842,35008.58592395153,12008.585923951525
223,35.0,48.49003917001896,173.1741127160943,305.3593309217859,299.80993272330977,299.7139741138198,296.7719800094612,148.83204582326434,148.3413439238937,154.41539164855683,154.35624287364647,150.9036374609674,150.01472394768646,158.6629869616589,158.97970938650664,34996.37137904903,11996.371379049026
224,35.0,48.50237669210895,173.16308664983973,305.349289406035,299.80241063948375,299.70529346553496,296.78201759969363,148.83016061142752,148.35189822608157,154.42122178690195,154.36374831477292,150.90453979764095,150.0124773797857,158.65519016227913,158.97462588591551,35003.34820759927,12003.348207599274
225,35.0,48.497370860305,173.1773027201306,305.3517967333103,299.806134514534,299.7141256876069,296.78286766435605,148.82934461723042,148.33859574917034,154.40420620172574,154.35213470722556,150.9052416950611,150.0070922645623,158.65973747402262,158.98355574596772,34992.63595724809,11992.635957248089
226,35.0,48.50007182704665,173.16956300916058,305.35112736198425,299.80669829268624,299.7124192376618,296.77128231231075,148.82813146184762,148.34818955060376,154.42107481424063,154.36287818249858,150.91123329181696,150.0025980026624,158.65481890543543,158.98354564812306,35004.326544082374,12004.32654408237
227,35.0,48.50156070766903,173.1701352663286,305.3614750180566,299.809504914263,299.71576678947116,296.7790199242746,148.8220127698032,148.34837311356787,154.40480894764897,154.36138249854625,150.900623696076,150.015172005523,158.65742906726965,158.98157883144495,34995.78812185895,11995.788121858945
228,35.0,48.49715509230055,173.17399452406144,305.36139646792236,299.8028454836705,299.71434303490344,296.77228893421585,148.82685095319425,148.35319007368042,154.42252946463057,154.34910650693604,150.89620976839964,150.00638470502466,158.67023053620548,158.97340997890254,34993.66382724014,11993.663827240141
229,35.0,48.509619095431816,173.17196701274946,305.34729331898353,299.79438149151633,299.70903356519295,296.781758686088,148.82958607660845,148.34913912407552,154.41909758773954,154.35505626247698,150.9072111088466,150.00745802071523,158.6715350715224,158.97673131213955,35001.7302586962,12001.730258696201
230,35.0,48.500536470115826,173.1733894966355,305.3562979104784,299.7963065269773,299.7092299414922,296.78620452978436,148.83076675433176,148.34755121039723,154.40862371524648,154.34890634495395,150.9040332809546,149.99938348217782,158.6629885931908,158.97724427540692,34990.40215092375,11990.40215092375
231,35.0,48.50414857385676,173.16547318747897,305.36171994834007,299.80557672024327,299.6990321978174,296.77547470069493,148.8230005032007,148.3481190059254,154.40754575837477,154.3488983262676,150.91009779240903,150.00449043457215,158.6701429377742,158.98230885727122,35006.57880058435,12006.578800584348
232,35.0,48.505001841367616,173.16098415813093,305.36377636194453,299.8076691986156,299.70984972054896,296.77229350805015,148.82471544350065,148.35075207771985,154.41272246638607,154.35090072285186,150.91097056920825,150.00450058985618,158.6633017094224,158.97700059895607,34990.09390952385,11990.093909523852
233,35.0,48.507479805473324,173.17612057183223,305.34700671751216,299.8024717072722,299.70004698009177,296.7712197763236,148.83183206395773,148.3388468493742,154.41255364173432,154.36034429834632,150.89696358121265,150.0115502047116,158.65738795255143,158.96990319134147,35003.556330735926,12003.556330735924
234,35.0,48.49047403383132,173.16146281185306,305.3547325906977,299.80869050270053,299.712651958805,296.7807805864829,148.8254967795998,148.35318997158907,154.42357894006764,154.3631040135001,150.9123301285343,149.99947357606487,158.66159170948384,158.98285491883766,34995.40015946385,11995.400159463843
235,35.0,48.5003336364065,173.17088483126193,305.355903207261,299.8099230740292,299.70721320537416,296.775504361249,148.8373901714968,148.33840279091606,154.40974757797815,154.35111184830652,150.91319504237265,150.0000857019146,158.65912083284232,158.9753290877706,35004.70388044245,12004.703880442452
236,35.0,48.4903281903178,173.1623233850921,305.3601531609372,299.80025089850693,299.7019709706319,296.78445816224036,148.82763505044636,148.33962354898912,154.4113725130766,154.3455384249151,150.89922074565285,150.00726878066632,158.6548564014927,158.977309773051,35009.24377090235,12009.243770902349
237,35.0,48.491049458724405,173.16663387161717,305.34841957865183,299.8096088961811,299.7033306860743,296.77519070685406,148.83285306876118,148.35038882776985,154.41140564143117,154.34974933158173,150.90369766734713,150.0102093283491,158.65597571013433,158.9734039016889,34994.9750628704,11994.975062870399
238,35.0,48.49620176375421,173.17608362322196,305.3600057162592,299.8081650245639,299.7024264991198,296.77954929126497,148.83610449653932,148.3458187506612,154.41276618978932,154.3547984285113,150.913824213571,150.01582509882505,158.66569605156238,158.97442922691368,35001.523146688356,12001.523146688356
239,35.0,48.49537394117186,173.15948296076152,305.35982337851664,299.7916990502755,299.7139581243471,296.7846002340299,148.8328558018528,148.33725529044287,154.4145090850984,154.35312364506777,150.9031349615156,150.01311219919174,158.65360860005825,158.98312545069996,35001.84083862544,12001.840838625436
240,35.0,48.505805948547554,173.17248661101468,305.36455323936775,299.7951040224907,299.71050163270485,296.7828272304908,148.82845498862798,148.34449453733777,154.40867113423363,154.3614473901249,150.91006499703917,150.00190627055,158.65686482821877,158.98212796500619,35001.44503811582,12001.445038115817
241,35.0,48.49706276049717,173.16169200581118,305.34587807381257,299.79908549043944,299.7155733729658,296.7778583847407,148.83504754190878,148.35025806735138,154.41978240795942,154.35268153508056,150.8992740712353,150.0147718590883,158.6639986673236,158.9690861490691,34994.46163265281,11994.461632652812
242,35.0,48.49761834370395,173.1679386856634,305.3472210382699,299.8057862695129,299.7144795145517,296.7801681576334,148.8339202978217,148.3413778986287,154.41774104978344,154.36364182897142,150.91478794239504,150.0110262634907,158.6564618288357,158.97917130070118,35009.05498023034,12009.05498023034
243,35.0,48.50133191159247,173.17036019295418,305.34826156262454,299.8015081807058,299.7094457685787,296.7868110814326,148.81996538962946,148.34246293270354,154.40920153001224,154.3514456587701,150.9056574362607,150.000726370379,158.65573376754728,158.97465413227542,34998.942507572356,11998.942507572352
244,35.0,48.495830169442,173.16307561053992,305.3647406501676,299.8075264206092,299.7094428801854,296.7789310566867,148.8384765275025,148.34378727785614,154.42055283696274,154.35443726364574,150.8995332339874,150.00406326358026,158.66547882147177,158.97697126726723,35006.92817344942,12006.928173449423
245,35.0,48.50302253619734,173.17124287708418,305.34561741697826,299.8099525351206,299.7061355411398,296.78666563705497,148.82784227880686,148.3493467759869,154.41314614789462,154.35323601696965,150.90412834237688,150.00336513272077,158.66597568300705,158.975737709778,35003.98958550635,12003.98958550635
246,35.0,48.49402429571033,173.16313590960166,305.3587619184406,299.79784291723,299.7052645334271,296.7836373532401,148.82057740439464,148.33609575982223,154.4146298180714,154.34724158569915,150.91315266813754,150.0133311157087,158.6707819661153,158.98072504622516,34995.948739017105,11995.948739017103
247,35.0,48.50544416803929,173.1678872048498,305.34895611185755,299.8023082611793,299.705980516588,296.778101253855,148.82657843013527,148.353468617897,154.4176572569784,154.35081526564082,150.8997462882661,150.0153600435046,158.6585796631521,158.97580021521392,35006.27595639405,12006.275956394049
248,35.0,48.504136229303164,173.17518817080304,305.3483803682984,299.79123287541023,299.70956985356605,296.78452358355423,148.83121889699783,148.3473149955143,154.41886662125535,154.3628431524924,150.89604100145462,149.9979048969235,158.66039957681056,158.97221365743556,34997.93011481694,11997.93011481694
249,35.0,48.492585133167154,173.17483493737686,305.3576796792195,299.80124689869183,299.70261271858374,296.77562705989976,148.83309434025563,148.3539983917011,154.4194425344487,154.36191894717362,150.91153478622536,150.00370482574687,158.66984572433415,158.98309263555575,35007.622063942224,12007.622063942223
250,35.0,48.50938650823697,173.17308785009416,305.3568276570698,299.8066419553574,299.7136644467302,296.7778785006161,148.8282082679152,148.35075302427643,154.4177193728158,154.35991224774494,150.90028310807125,150.0124277901492,158.66417979328418,158.97079131890715,35001.62545745272,12001.625457452717
251,35.0,48.49094978414426,173.16443888300503,305.35414745187285,299.79473452762255,299.706456640767,296.77175534525264,148.83204220053506,148.33644125478736,154.41234106619402,154.35032066174887,150.91106484547905,150.00943019415092,158.65465502258186,158.97997563411707,35007.6347072371,12007.634707237097
252,35.0,48.4927294589435,173.16143965411243,305.3479292740525,299.8046998658997,299.70630546644253,296.7863843288469,148.82000060683663,148.35599559616094,154.41879807727366,154.35150569067972,150.90738620594217,150.00738629231753,158.65293102153908,158.98015937207353,35003.85063180156,12003.850631801555
253,35.0,48.50757039207707,173.1628251579614,305.36278865388186,299.7981174600093,299.70453545393343,296.77161390043636,148.82837494646165,148.33877438044323,154.40746938832262,154.35775817699468,150.90420186056195,150.00862706393227,158.66681173969195,158.96599735367633,35004.50508559639,12004.505085596393
254,35.0,48.499593644610925,173.17418727242216,305.3596265851419,299.80866820346483,299.69874501221244,296.7832245579216,148.82935846819592,148.34822893293833,154.40897011804614,154.34685234147463,150.90428650698908,150.0118954822531,158.67174937276152,158.98116331390867,35000.02648763853,12000.026487638534
255,35.0,48.490528553938226,173.17320677061554,305.3602061497896,299.80057628385464,299.704896276334,296.7798914786736,148.83860860620342,148.33911989087332,154.42024813428026,154.35489350389096,150.8975898057056,150.0012955147219,158.65521642451918,158.9715954023265,35009.12167269446,12009.121672694464
256,35.0,48.50789688320702,173.16935840448963,305.35181894053943,299.80046842584653,299.7107506625956,296.78241051468314,148.83454799992518,148.34775556117998,154.4186556966206,154.36232250369395,150.90833185442568,150.0036743085758,158.65290417225884,158.97469617830185,35002.87980398459,12002.879803984593
257,35.0,48.49599810201289,173.16370654448514,305.3588002654848,299.79486939765803,299.71339066289664,296.78284740649644,148.82157636586953,148.35541961228532,154.41964487910994,154.35996519250435,150.9005726818346,149.99919283723747,158.65297284571568,158.98383783323092,34998.47710097116,11998.477100971164
258,35.0,48.497427855833294,173.1631178749411,305.34890597883197,299.79302411602447,299.7065913385483,296.76975934719496,148.8375086442162,148.33964419028115,154.4117539363949,154.34512790941312,150.8960983864636,150.00620739910894,158.67163725739218,158.96788308216347,35002.12786428256,12002.127864282558
259,35.0,48.498568238759,173.17270301804464,305.35655506189994,299.79705852871524,299.7027208174558,296.7778879070437,148.82150716485918,148.34961240853693,154.40744385515296,154.35425578085318,150.89895361274978,150.00930739687936,158.6530618530784,158.96497762172027,34990.383863966184,11990.383863966186
260,35.0,48.491295080329245,173.17464999879783,305.3579592783823,299.7940855974105,299.698181248738,296.7812805988003,148.83555137281854,148.3435512359371,154.40795476923438,154.35920411690725,150.9084286964325,150.0018763316449,158.65706466436777,158.9757985573537,34996.03149633349,11996.031496333491
261,35.0,48.49378593935709,173.1650709594186,305.35067989716487,299.8073428274092,299.7088367188974,296.7795011108746,148.82150296924442,148.33997004219214,154.40975376466267,154.36122188388975,150.89900894484978,150.01181377122606,158.66209393655473,158.96883125619496,35003.20347074985,12003.203470749853
262,35.0,48.50412032814538,173.16000637756116,305.3497481584507,299.7931236139823,299.70146740851635,296.77016615693304,148.83710977191606,148.3455524697856,154.41166343822036,154.34674270351653,150.91159173010732,150.01461993536816,158.6605065734421,158.97158087707874,34995.80155214421,11995.801552144208
263,35.0,48.49291602238095,173.17126391642586,305.34646742612676,299.7967165537821,299.7162497942813,296.7741195007549,148.82543351966405,148.3455379999511,154.41327163294224,154.347025987333,150.90594262780326,150.00776206218208,158.67018233195017,158.96433769901049,35002.36030857998,12002.360308579977
264,35.0,48.49976915381969,173.16702667397382,305.3555862379754,299.7974347009794,299.7120799125702,296.7802020820239,148.82019840699434,148.34207481383436,154.42168580165426,154.36030096477532,150.902480723568,150.01044680540016,158.66950921518108,158.9783853531886,34998.57537401892,11998.575374018916
265,35.0,48.49385795330822,173.17314395778106,305.364203298321,299.7995855044353,299.69979342352735,296.77196430352365,148.82263591185804,148.33810816036117,154.41156548366766,154.35934481413884,150.90826164556455,150.01580329031597,158.65267200586712,158.96472462330135,34992.70948128445,11992.70948128445
266,35.0,48.49152835535643,173.16007731134403,305.35939467761557,299.8074069595621,299.7038598833401,296.7769368018699,148.8319100424203,148.3556333382123,154.4165366774154,154.36247768679814,150.90308762335562,150.0155625295784,158.6634607757012,158.96930044626527,34995.96564651912,11995.96564651912
267,35.0,48.4995940607618,173.17631231096001,305.3562338652337,299.7995433499157,299.7144214677524,296.77526081429625,148.82778908313142,148.3477870466309,154.4044589035775,154.3638480626879,150.91115674567905,150.01121212032513,158.67131225528695,158.9766398957387,35001.399298214026,12001.399298214026
268,35.0,48.49918012891467,173.17061147629323,305.35059665405686,299.8090877632972,299.7085642544891,296.7850201744853,148.81971566965413,148.33755331984855,154.41382077386092,154.35354020615102,150.90957454631396,150.00740097941713,158.66205517929254,158.97283195101107,35001.81745522496,12001.817455224964
269,35.0,48.49026144422749,173.15808578058665,305.35981693663825,299.79354783480693,299.6970576688842,296.7874619758283,148.8222560755,148.34002499658507,154.41391611533572,154.34847089825303,150.91345064689614,150.01497829999974,158.66111215188562,158.9725833997427,35001.486504976994,12001.486504976992
270,35.0,48.49398465313703,173.17618783239655,305.36220027258395,299.8080817155206,299.7133991676982,296.7709597726021,148.8376323655276,148.35432441861084,154.41229945613674,154.35884852084146,150.9130496426903,150.01408221296725,158.67040308618112,158.96564735443707,35003.06401639714,12003.064016397142
271,35.0,48.49802457825593,173.17358860831678,305.35331256109345,299.7947092942638,299.71323751552296,296.7734136379203,148.81930531219555,148.34269235721442,154.41357798322628,154.35318171467853,150.90957832376307,150.00857607103399,158.6534756638712,158.97365539336437,35003.04206540003,12003.042065400034
272,35.0,48.50767504069552,173.15915793282284,305.3645353653214,299.80332397498665,299.71650415551454,296.7824023860108,148.83170195601213,148.33663356483405,154.41839028341295,154.34959213010737,150.89730029519043,150.00690407884443,158.65304885742253,158.9710710371804,34998.628368708676,11998.62836870868
273,35.0,48.50701546062935,173.16658396726245,305.35356463795614,299.79554383503256,299.70796223828034,296.7722915581656,148.8326819726699,148.34001522570074,154.4072183779112,154.35413532057396,150.9021177360688,150.01317948867538,158.65209615156638,158.96660874522365,35007.93093191702,12007.93093191702
274,35.0,48.50006902535313,173.17089123460784,305.34887479591765,299.8078488131364,299.69727457090244,296.77471378672055,148.8230643663562,148.34090492319416,154.42094691354004,154.35332139082055,150.91200644804454,150.0092218222172,158.65820144404793,158.98279234336275,34997.35123740096,11997.351237400959
275,35.0,48.49840333501405,173.15893557907674,305.34692561859436,299.7901880407702,299.7009563515664,296.78495429717304,148.8259948599579,148.3389428419529,154.40674050531385,154.35142792658488,150.9145591198649,149.99747990442083,158.66386716298769,158.9653283715496,34998.71729850531,11998.717298505313
276,35.0,48.4909066726469,173.16049349984007,305.3594914765511,299.80663088483533,299.71050825493523,296.78290242860476,148.83358203810982,148.34749047819696,154.40871826434133,154.36232048488003,150.90752193818537,149.9986185545427,158.65297443353785,158.96489453467888,35007.838467100315,12007.838467100313
277,35.0,48.507634952342215,173.1660153145611,305.3616728510212,299.80013131029096,299.70115270125905,296.76945497196846,148.83725971508326,148.34562664918997,154.42109727711633,154.34771237602342,150.9093132787444,149.9972354658767,158.66531066259324,158.96768427898024,35006.12387978092,12006.123879780922
278,35.0,48.50340639794103,173.1612450638168,305.3456302627012,299.793473305614,299.70616035962155,296.77378123424353,148.82554420849715,148.34025201253962,154.40794874989783,154.35796495102937,150.89841005941105,149.99904740550988,158.65432264638167,158.96872560298985,35004.07777167081,12004.077771670807
279,35.0,48.49455627780699,173.16837692895356,305.3524032180028,299.79215636793464,299.71182862553275,296.78436258302156,148.83419751487477,148.3376244121065,154.40416026749585,154.35588315277064,150.90029182816863,150.00931807342295,158.6600797777192,158.96677522874552,34992.004537746245,11992.004537746247
280,35.0,48.501889404262485,173.1776813804302,305.3601521096354,299.79026062464726,299.6976989061554,296.78426856791646,148.83586440129193,148.34536304158087,154.4178832441214,154.35386610770408,150.90540659776283,150.00308234933638,158.65383800533854,158.98273342136136,35008.38965227489,12008.389652274893
281,35.0,48.508893181488645,173.17087890016296,305.3645718564035,299.8001418285611,299.69967738424725,296.77034775246204,148.82774874197173,148.34707703532104,154.41702677571917,154.36325747901606,150.90924794447616,150.00693825192306,158.65844597153514,158.98004264859355,35004.28482599098,12004.284825990982
282,35.0,48.49943125346599,173.17007235988285,305.3509253367093,299.79253061186535,299.69752857788484,296.77142779434234,148.82909478772237,148.35330336255973,154.41545222717738,154.36099982907172,150.90215668530132,150.0034203594121,158.65594464096952,158.98096607399737,35009.97694013136,12009.976940131357
283,35.0,48.49706594001738,173.1740892509775,305.34770025036903,299.79391529419416,299.70738375602906,296.77241109645416,148.82282368950825,148.3368117881683,154.42252276078403,154.3617054505115,150.911725744988,149.99750415634776,158.65620143344736,158.98030830180565,34992.98896609316,11992.98896609316
284,35.0,48.50871946781758,173.17127066610658,305.35363558394187,299.80584225221827,299.71554421340187,296.7843416289202,148.83391192572495,148.3481395940489,154.4092287763212,154.3525987285379,150.8983986429908,150.01198542526606,158.6545506694714,158.97490912224126,35007.36252114736,12007.362521147365
285,35.0,48.493929633073115,173.15882280908497,305.35602844393,299.80808109476015,299.699222570106,296.78008935405705,148.837230401216,148.33753146540792,154.40956697275925,154.35735094148131,150.91582615274007,150.01054526840045,158.66834348801711,158.97004130125995,34993.249858693525,11993.249858693527
286,35.0,48.507362276815314,173.159382259744,305.35258424112965,299.8071308497976,299.7071447624972,296.77762859577473,148.8385844954677,148.3421545767273,154.4149133125231,154.35570833530448,150.90604019160384,150.01534719162302,158.66133831781823,158.98152238738783,35002.31119128568,12002.311191285677
287,35.0,48.50526699912236,173.1721416661295,305.3593194484485,299.798146189242,299.7032263942752,296.7844566417834,148.81909434351493,148.35103465842045,154.4113628403401,154.35149206627403,150.89603062527286,150.01051239338844,158.66457604664595,158.9670067787798,34992.47639965699,11992.476399656989
288,35.0,48.50287556217204,173.16520085280246,305.34698865226835,299.8062621991023,299.7113535037734,296.7727984898051,148.82133225298784,148.34474163245616,154.40568135326438,154.35217794209746,150.9027258900957,150.01368884496137,158.66223902335037,158.97182721028068,35006.960164586446,12006.960164586444
289,35.0,48.50741058773965,173.1657511365254,305.36163575325514,299.8092925158607,299.7146161060701,296.78305492225155,148.82174898378722,148.3491898717807,154.404574670973,154.3549339557166,150.90361664964166,150.01390159154278,158.6579097443737,158.9729512664083,35006.1463791745,12006.1463791745
290,35.0,48.50592808575759,173.16209913094673,305.35276114110405,299.800341582935,299.703806771277,296.78305109494596,148.82184346248437,148.3433397376846,154.41140531751927,154.35729321842865,150.90112755001817,150.01389344947415,158.6527418127276,158.97467848280482,35001.382014772294,12001.382014772293
291,35.0,48.50949912994855,173.1644409512857,305.3587066057279,299.8021568627719,299.7038134483581,296.7870755177076,148.83061361681834,148.33888232125477,154.42103172732917,154.35291402814613,150.90921797699298,150.00454411684845,158.65701491730192,158.98280940534244,34998.14366594452,11998.14366594452
292,35.0,48.506868069989295,173.17540690365067,305.3616854312665,299.8056796478256,299.69987015695176,296.7845181964085,148.82777559960147,148.35484091798872,154.42154156493748,154.3445219036227,150.90163027287502,150.01559023932526,158.6657118359021,158.9742039897399,34991.3833399091,11991.383339909104
293,35.0,48.49849401410646,173.1765802306919,305.35827743090414,299.7976626829092,299.7072683286352,296.7812468517783,148.8342753736049,148.3534933044522,154.42050498208118,154.3627447167985,150.90935398780488,150.01581341969282,158.66550659844307,158.97489892239219,35003.94857546289,12003.948575462891
294,35.0,48.50281943065381,173.15937374449263,305.3570223646804,299.8082203083979,299.6996756605374,296.785570280861,148.823555892032,148.3516563205158,154.4140968317298,154.344296525094,150.91203440692001,150.0022642275128,158.65259083315468,158.97042072557946,34999.07085365356,11999.070853653562
295,35.0,48.495707793570375,173.17004202470596,305.3510633167512,299.7930498746411,299.71161825266336,296.7860573414131,148.83110483064556,148.34033776479367,154.42279779094872,154.3638600783915,150.90278075244393,150.005150875891,158.66382145340768,158.97524407382954,35004.44111198941,12004.441111989407
296,35.0,48.49548906370616,173.16348320585104,305.3582656790575,299.79101922845393,299.70051911911037,296.77896819678415,148.83824130341074,148.33662566633936,154.4115551124749,154.34929200994483,150.90296093960086,150.00381703704159,158.66367424884456,158.96844358217288,35007.32764651857,12007.327646518572
297,35.0,48.495264305115334,173.16087656802722,305.3462266975976,299.80879830829576,299.70688831104945,296.78569823860295,148.82060058182614,148.3480056455024,154.41525171980828,154.34910055064037,150.90899848605704,150.0151543270124,158.65609087940746,158.97213706164965,35009.51043010006,12009.510430100057
298,35.0,48.49106365593214,173.16538138223922,305.36487860071105,299.7934615674474,299.7086490387336,296.77263438582975,148.82433404860905,148.3465091537748,154.4096275984617,154.35148523523128,150.90912455087687,150.00159632746866,158.65557956113187,158.96537190063663,35007.116066847855,12007.116066847851
299,35.0,48.50267479348058,173.16989411634756,305.35094178470496,299.80069340557145,299.7005808803081,296.78852628870186,148.8374424719098,148.347844540773,154.42098135450982,154.35725181304667,150.90165882812596,150.0032987668794,158.66988341192925,158.97176181514232,34990.2342816837,11990.2342816837
300,35.0,48.498926654404215,173.158028605579,305.3639353969058,299.8066876206322,299.7064754395487,296.78781830060507,148.82440197025628,148.3449369729333,154.4044712847323,154.3490759801948,150.89953048516657,149.99749382624202,158.66655108319006,158.98199157121508,34997.19956128957,11997.199561289568
301,35.0,48.509833276057506,173.16690501282199,305.3478312058468,299.8030219569006,299.69948607221414,296.7712959344029,148.82599675434025,148.35471335833682,154.42016658805002,154.35093245669057,150.903483978277,150.00915934611567,158.66913296022514,158.968694612946,35004.59981124848,12004.599811248481
302,35.0,48.497179783957016,173.17574488495143,305.3608964664936,299.80329880021674,299.7108235357559,296.7720055597109,148.82427003506928,148.34928396427688,154.4218181527333,154.3453420026036,150.90140419961318,150.00755487211745,158.65426342190486,158.98074489656247,34993.43259354523,11993.432593545229
303,35.0,48.50649968764869,173.17310930975745,305.3463459448399,299.7978114596442,299.7034663890157,296.77355816689743,148.8350558256828,148.3544979567213,154.40806633550665,154.34997581916525,150.89676329920505,150.00107715835927,158.66398657939854,158.9708556038935,35000.42073212408,12000.420732124083
304,35.0,48.507896131798645,173.1614678955996,305.3615108545002,299.8073818338576,299.6997538926098,296.7889147571651,148.8305680022741,148.34821345611576,154.42149658436813,154.35327573662732,150.91390133667676,150.00461949192044,158.6625442079818,158.9803678082801,34991.08675976678,11991.086759766786
305,35.0,48.495342869547656,173.17105948471382,305.345500546771,299.8042081065818,299.69849953891514,296.7702758245397,148.8344604920126,148.35476209442422,154.40986613175318,154.35376331247383,150.91114904207052,150.00600933988622,158.66999795255788,158.9748168385966,34993.99993049793,11993.999930497928
306,35.0,48.49631161649909,173.16756005984394,305.3523799127593,299.79196234791635,299.7106648309634,296.77823089436174,148.8347720621398,148.3522335301245,154.4061097119073,154.3585065403965,150.9049920849454,150.0073799542244,158.65829509304697,158.97558348186826,34990.370435889214,11990.370435889212
307,35.0,48.504977303586095,173.1712707720118,305.35716572435047,299.8032415184273,299.7044847229251,296.7842423253876,148.82559334483244,148.34641250294635,154.41018619720003,154.35480206705427,150.90915347339222,150.01135339446523,158.6597146795302,158.96928322898574,35005.873954067145,12005.873954067149
308,35.0,48.50247152909148,173.16794533946037,305.3576310722709,299.8003758715067,299.7086575540299,296.7721491283682,148.8332501040004,148.3484751152777,154.4097847165816,154.36338211645614,150.9011328481663,150.00450772401453,158.67181063778133,158.97022533591135,34994.478493761206,11994.478493761208
309,35.0,48.49375200391642,173.1587362002035,305.34547736820167,299.80835878524,299.7095085320246,296.7884836703833,148.83877838594788,148.33884535893776,154.41916609651008,154.34503846323574,150.9023855403722,150.00284332152458,158.65202879726547,158.98160835207753,34996.90703361394,11996.907033613938
310,35.0,48.499989959795045,173.1707692653557,305.3537249953838,299.80224374327116,299.7104995049884,296.7862761264872,148.82130736373443,148.3507886565588,154.41253878387926,154.3638807804121,150.89878394158154,150.00828632527862,158.65845049366163,158.96549677453748,35008.56162586931,12008.561625869312
311,35.0,48.504674583284306,173.1607656417189,305.34548927830184,299.8080968203032,299.7032105507107,296.788396840708,148.8351795548194,148.3555535404558,154.41785278933298,154.3636444973823,150.9026170813159,150.016573272992,158.66372530173797,158.98082252172654,35004.088288038474,12004.08828803847
312,35.0,48.50091007915708,173.1607390329304,305.3588771735177,299.8096133329141,299.71531101098304,296.7872280306728,148.8387063157799,148.34242380317437,154.40937921371608,154.34722988749573,150.9128836405475,150.01631176516904,158.6539538560575,158.9697656588484,34990.636778590626,11990.636778590626
313,35.0,48.4972709010528,173.16956051992926,305.36315997451703,299.7919655111972,299.7154532147527,296.77116689351453,148.82132774705264,148.3490659221522,154.41732289372152,154.35380498540266,150.8988237283649,150.01234530408863,158.65299385609433,158.9823424093518,34993.29388312996,11993.293883129958
314,35.0,48.491311028102,173.1712978479655,305.347542470152,299.80264761309684,299.7105629853946,296.78510202742683,148.82108609668683,148.3530034841919,154.4043598511398,154.3542475121976,150.90585431458663,150.0050359162866,158.6667379863695,158.98374364626173,35002.42956803,12002.429568029995
315,35.0,48.49022295068132,173.1620780417283,305.360011986189,299.7932749395505,299.6998278029942,296.78259201458906,148.8193324896295,148.3390961855356,154.4067358892468,154.34515580695242,150.90042946898632,150.01399339373808,158.662293604409,158.97326567456076,35001.54457177209,12001.544571772083
316,35.0,48.505011720819226,173.1599093009626,305.3578395459288,299.802342357498,299.6998468972317,296.7803580500528,148.82351596336935,148.3375782171274,154.40893509897995,154.34708697550002,150.90924476214704,150.00472847469197,158.66720679443918,158.97370972810558,34994.75785642749,11994.75785642749
317,35.0,48.496857952299244,173.15896101911213,305.3562168230943,299.8013386749999,299.71154852100926,296.78638225494626,148.82589776656283,148.34803933774285,154.42204963301046,154.3526122119139,150.91517106469962,150.003736403809,158.66369354418362,158.97396792379476,35008.6842799585,12008.684279958496
318,35.0,48.502137815470654,173.1778950780381,305.36296257695113,299.8087834689396,299.71273443135436,296.7755697948119,148.83089444278875,148.33925987320822,154.40694581051423,154.36026246454517,150.911670875145,150.00444918277282,158.6642450622944,158.97747620430187,35002.27931911932,12002.279319119318
319,35.0,48.49474822092972,173.1750282282811,305.3530606774231,299.79923367619466,299.70373403456114,296.7797774499264,148.82691044044236,148.34752477792412,154.41556693122016,154.34686712304676,150.90587875290746,150.01102731734957,158.65802132193022,158.97430861667323,35000.712656060496,12000.7126560605
320,35.0,48.506648118420124,173.1748719525795,305.362064030562,299.7974362255355,299.70794282461634,296.78302657691194,148.82769492948276,148.35107393864732,154.409339863066,154.35094077176825,150.9100063103933,150.0122898965472,158.66746324092904,158.97047763305457,35001.79819952709,12001.798199527091
321,35.0,48.50811687027111,173.17215538774167,305.3596176808573,299.80427909598507,299.697596384118,296.7876599329103,148.82270459896566,148.3383141247846,154.4232494116579,154.34408566845994,150.90671656027706,150.012463883708,158.6625885330945,158.96896788725414,35004.60244059034,12004.602440590335
322,35.0,48.49077082469643,173.16860116950437,305.35219191673275,299.8017122420734,299.6998029058026,296.7690760758246,148.83838975209534,148.3400356499262,154.41518404170597,154.3537009702483,150.91421397589536,150.01044339828016,158.66418708043219,158.9820685616738,34996.23889990959,11996.238899909593
323,35.0,48.50037396456315,173.16096190717406,305.3509786252143,299.8014767769524,299.70099568618775,296.77444790030773,148.83822908494918,148.3541316311951,154.40873707506407,154.3520354959242,150.90564554923415,150.00108970558287,158.6662014459255,158.96727416517666,34997.96442124432,11997.964421244322
324,35.0,48.50075208448157,173.17334653898035,305.36039814028857,299.8035112499987,299.7078280834979,296.76968668493316,148.83695880654196,148.33913901817232,154.41269707067352,154.34991904524745,150.90544560091823,150.01035845255717,158.65637739876368,158.9752055342884,34994.196874979505,11994.196874979503
325,35.0,48.506675264231845,173.16446562030538,305.35404653407704,299.7929444616081,299.7072317843783,296.7853554973476,148.83103437761568,148.34299686093863,154.41896654543828,154.35055918116402,150.90484800249303,149.99752229914398,158.66778816048546,158.9728135566068,34993.72386011761,11993.723860117607
326,35.0,48.497373868825704,173.164931429883,305.36295315239647,299.80796125071026,299.699418890141,296.78145307722724,148.83218125857138,148.3534797256069,154.42037998420554,154.35982765358048,150.91160995870624,150.01673596717413,158.66183335652238,158.97653766102258,35008.88744779968,12008.887447799678
327,35.0,48.50838715461617,173.16366018307187,305.3546183343508,299.7933008441477,299.70899276240783,296.7802048429704,148.82475842346162,148.3535905508609,154.41449533157206,154.35686677626182,150.91589121097581,150.01213412570308,158.67135789564867,158.97228291418546,35004.791015900984,12004.791015900986
328,35.0,48.49104109132031,173.16566446074546,305.3595130854911,299.7972112237212,299.71480063408285,296.7693389588867,148.83887486838455,148.34640642352832,154.41122316383198,154.34858978097046,150.8963138372043,149.99791804259357,158.66558516163852,158.9754096382454,34999.80917617235,11999.809176172352
329,35.0,48.504924198430956,173.17284635140592,305.35093151319506,299.7906784239794,299.71416443530796,296.76938766760645,148.83611595809504,148.33746186576778,154.41013030244858,154.3540495278649,150.90054173666675,150.01188546092234,158.6544067498134,158.9739863918268,34994.54829255947,11994.548292559466
330,35.0,48.495669640722454,173.175499882095,305.3628240553591,299.80024222482996,299.71043737159346,296.7842912071096,148.8264697055298,148.35502813351178,154.41884975290515,154.35966508117158,150.89973973263534,150.0068695555427,158.6676690507723,158.98320340905653,34995.08712963541,11995.087129635407
331,35.0,48.49274336109341,173.17215844381698,305.35567142272805,299.79587582479513,299.704856180783,296.77156584166477,148.82722964559966,148.35509267812066,154.4144913148908,154.35509061835245,150.90914753849844,149.99976527992564,158.6681670401077,158.9649233432161,34991.160583206474,11991.160583206478
332,35.0,48.498892351124184,173.16055550662173,305.3453791340509,299.79079203936885,299.7169864732061,296.7723427543012,148.82134478606855,148.3388411175175,154.42239613711212,154.35459918216566,150.90164411975883,150.00667584663512,158.655964189104,158.97062800714474,34998.68833251116,11998.688332511163
333,35.0,48.50847849735198,173.1762086937404,305.35875966813404,299.8038380777257,299.7019137311962,296.7690548378403,148.83163245409162,148.33795632783136,154.41306995740632,154.35446945544635,150.90938112547485,150.00809765691739,158.6522251292372,158.97876605527378,34996.23591763988,11996.235917639882
334,35.0,48.49364957564081,173.1647001737234,305.3531929515653,299.79893917424926,299.70920376998737,296.7752887829549,148.82793818846721,148.34530734380593,154.40731242495767,154.3537686369748,150.91143609102616,150.00255047504032,158.670419385789,158.97633159519404,35003.92686977631,12003.92686977631
335,35.0,48.50193875947071,173.17755448569415,305.3617488304617,299.79392935538453,299.7065718417872,296.7772672154474,148.82248608664875,148.33664324015876,154.40839852707563,154.3610642063493,150.89699445385105,150.00135875110914,158.66909234500358,158.97337376092074,34997.55503678585,11997.55503678585
336,35.0,48.49954439521955,173.17430586534428,305.349979910063,299.7903416628802,299.71615427548835,296.77733818994017,148.8344048825299,148.35343805059014,154.42134041341376,154.36121143396178,150.91426329592085,150.0143107735954,158.6609669549097,158.97229524791422,34993.59207355119,11993.592073551192
337,35.0,48.49239190538757,173.1745111309001,305.35068681959984,299.79687127109224,299.6974295856328,296.7825611107855,148.82496167972278,148.34832967019577,154.42137152182755,154.354335638269,150.8986850079803,149.99995301133288,158.66358162781913,158.98199904397558,34990.49357456782,11990.493574567827
338,35.0,48.50524102689999,173.17259654809274,305.3511265049266,299.8085279823289,299.71607023195185,296.77593993548027,148.8272802978291,148.3480308015223,154.41237075930945,154.34591969630975,150.9078185521333,150.00973284012917,158.6560392568607,158.9796065068882,34991.34499262927,11991.344992629265
339,35.0,48.50332620821391,173.17392388125793,305.3586506902276,299.7957252145025,299.71016836796537,296.78102952069094,148.8303932236708,148.35060353711108,154.4140083348788,154.35577305877302,150.89817174069668,150.00137301543057,158.65839801861634,158.97272539189007,35003.587855469974,12003.587855469972
340,35.0,48.49379781182018,173.177253239932,305.361367856864,299.79955542002745,299.70338611150606,296.77666029277503,148.82097737313526,148.34920399470727,154.41679838585378,154.35684982593673,150.9023825202759,150.00736889049844,158.6568694512545,158.966374005571,34999.07393689112,11999.073936891122
341,35.0,48.49536345283676,173.17433324752204,305.3526869817652,299.80591653148116,299.701010972414,296.78109695668877,148.8346629342307,148.34319065067024,154.41176051699213,154.35329025231914,150.90817402278117,150.00715192888055,158.6540675474228,158.9798918548046,35000.73158422217,12000.731584222174
342,35.0,48.50233561443875,173.17127190259137,305.361192115948,299.80647172128687,299.704596987215,296.78756481700117,148.8337356137546,148.3465178377336,154.41090321322213,154.353384594781,150.89830805593888,150.00426596524053,158.67068846745008,158.97112024428674,35007.93342586081,12007.933425860807
343,35.0,48.49708408646798,173.16807640452322,305.3516940796216,299.7982505682211,299.716771144698,296.7697064176559,148.8360217714458,148.3541803976199,154.4129813740029,154.3556981562536,150.91284527249078,150.01235429576124,158.66562182713653,158.96628679536403,35009.80677894793,12009.806778947934
344,35.0,48.49952891627267,173.17312325535636,305.35604716731416,299.7916502505247,299.70930144512545,296.77004495058765,148.8274020205627,148.35255110053643,154.42333908057049,154.36210443229848,150.914581393565,150.00332615770552,158.66519555980727,158.9705692150435,34994.33793968797,11994.33793968797
345,35.0,48.497847039087354,173.15956806224338,305.35426310427863,299.80336109979413,299.7048158428655,296.77760042580155,148.821880172654,148.34366461682166,154.41379516129865,154.3574269672388,150.90486935434416,149.99992007008498,158.65369074510312,158.9769282550971,35003.261564062,12003.261564062002
346,35.0,48.49006129754554,173.1597923681206,305.36183058619287,299.80542298686345,299.71489062057225,296.78825330026723,148.8242068370696,148.3409193976602,154.41545523215134,154.35652619112471,150.9106751737394,150.01696907831237,158.66707132627764,158.97592024784396,34995.26644753474,11995.266447534743
347,35.0,48.50274920687029,173.17761534447024,305.3557730402064,299.7948470491769,299.7135321951821,296.78358590600584,148.82460983351498,148.34016994386002,154.41182729253035,154.3517891218575,150.90478965432467,150.01291408496766,158.6611514766906,158.97572673284756,34990.41301998931,11990.413019989315
348,35.0,48.49893875149942,173.17514606565356,305.3510201959821,299.7912028535214,299.70666038036177,296.7722679310985,148.83625205568842,148.34500655071278,154.4133810749077,154.36196911393773,150.91179291469135,149.99748059876217,158.67068902616677,158.975121708626,35005.167573076724,12005.167573076722
349,35.0,48.502748350223115,173.16384375277875,305.35255782622977,299.8010632945181,299.7028547695138,296.7733087227011,148.83875162988753,148.3497925477675,154.42202262005387,154.3584081918294,150.91300338761744,150.01130519575014,158.66936054047542,158.9831452679347,34996.40034301645,11996.400343016448
350,35.0,48.50957536478326,173.1607170124131,305.3462511833169,299.79971322961285,299.70058585098263,296.7756610365099,148.82525716260554,148.35125797027894,154.41816346649787,154.34738386298386,150.8972389926712,150.015300143012,158.6523101292734,158.97182510176003,34997.66927788344,11997.669277883439
351,35.0,48.50696827095124,173.17071470249348,305.35026472373767,299.8042216365497,299.7096110233112,296.7744447615888,148.82729362080454,148.33827849361282,154.4211543676687,154.34717790612802,150.91355635348177,150.00954908121003,158.6529741965229,158.9720360711786,35001.766342271076,12001.766342271072
352,35.0,48.502857322979594,173.16693081566743,305.3604961120925,299.80835580974116,299.712342042445,296.77632932025745,148.82213314072285,148.3547643108447,154.41015264589535,154.36370128686778,150.89687749580725,150.00406214674948,158.65799589797732,158.9769253426279,35006.620969104726,12006.620969104724
353,35.0,48.5030031910465,173.16395194935836,305.3514988652518,299.80445956707905,299.70764334277624,296.77914205828523,148.83831316639242,148.34971983103063,154.41150603145388,154.34420465370542,150.90872277777905,150.00488710989399,158.6617695446275,158.9764289281371,35002.57963687182,12002.579636871824
354,35.0,48.507870629512006,173.17571834420383,305.35652210327623,299.8088495652618,299.6999896175289,296.782110264544,148.83363369970328,148.34524640145023,154.41857823606304,154.36332481551122,150.90242326276342,150.0140085611361,158.65445071094445,158.97214586691985,35007.45301310895,12007.453013108949
355,35.0,48.49173032333855,173.16166808567357,305.3502597521881,299.7946304368399,299.7058482497162,296.7771244986112,148.82982699110798,148.3455204870896,154.41590355782319,154.34474268071813,150.89663961795617,150.0088896685028,158.66020641376363,158.9680972897651,34995.47084069631,11995.470840696313
356,35.0,48.49270635686495,173.17477563094965,305.3592964932835,299.796195807729,299.69976426267203,296.7864769809833,148.83356211198762,148.3382649764937,154.41797874502598,154.3494370064252,150.9012272528848,150.00998766832427,158.66742227798704,158.9692395556639,35005.96093667825,12005.960936678252
357,35.0,48.50569411290118,173.16290990356023,305.3649179202131,299.79865622607053,299.70546370544736,296.78136253448946,148.82538588817172,148.35341897435666,154.41302337006238,154.34969549319297,150.90981722656102,150.01042061274896,158.66710486244884,158.96504856146595,34993.71271888612,11993.71271888612
358,35.0,48.50700146874839,173.17106146223236,305.3638227609356,299.7952049840496,299.70182492815866,296.78643227627873,148.8307493293873,148.35507728349856,154.4109475477746,154.35458367149258,150.91108324406974,150.0146395823702,158.67002561793834,158.9767820331714,35009.05583313944,12009.055833139439
359,35.0,48.495456722604054,173.1615792978383,305.3595416711524,299.80218907325,299.70554065759956,296.7798015372165,148.8195790794175,148.34741349200326,154.41051280339934,154.36217548839554,150.90634198021021,150.01347361034126,158.66268492335206,158.98263241639606,35003.749765527755,12003.749765527757
360,35.0,48.50920063410467,173.15905796759367,305.3585504758034,299.7906887122197,299.7110777754592,296.7883020640767,148.83729701499038,148.3503659345059,154.41284232763445,154.36152289481666,150.9008835352822,150.00868958634936,158.6557714866097,158.96492167195134,34994.31015354227,11994.310153542272
361,35.0,48.50892897411515,173.16148897433814,305.348487476594,299.7937024697327,299.70840535520904,296.7778565418473,148.82967411789846,148.34038439766746,154.40885727462407,154.35265160177437,150.9025739208555,150.00523071410052,158.6615297045673,158.97384024396064,35008.94741180978,12008.947411809779
362,35.0,48.5043962372996,173.17797838407267,305.35401331517323,299.8063936579823,299.7139342053,296.7709513391226,148.81910613372676,148.350755593201,154.41364630610823,154.34694309768088,150.91013659510799,150.0165061724937,158.66350160691434,158.97945671715306,35004.6171161354,12004.617116135403
363,35.0,48.50603492277507,173.16334888856395,305.3504501896242,299.7921885856409,299.6978331482313,296.77157636112406,148.83627356217838,148.3558643111193,154.40611714398662,154.34570665452816,150.90839110227108,150.00873969502987,158.6699582908214,158.97343288234063,34995.0788328519,11995.078832851901
364,35.0,48.49086633289318,173.16594444764857,305.3572701006117,299.8078711882531,299.7068407742858,296.7868760575774,148.837368560727,148.33734085922956,154.41347747913366,154.35314199791327,150.904838879118,150.00649654707635,158.66379204737507,158.97873332490684,34994.26623954735,11994.266239547349
365,35.0,48.50832238930046,173.1751696141016,305.34650164589107,299.79923291074283,299.7111691083636,296.7692848860833,148.82361340846512,148.35162772063285,154.41627878155055,154.35877330939775,150.91459664288735,150.00121802251726,158.6655844198871,158.98208066802965,35000.36401427861,12000.364014278613
366,35.0,48.5027588235585,173.17445459067548,305.3551250737262,299.8045575878334,299.69889469080164,296.78477399340505,148.83313397189036,148.3422388572744,154.4158388936466,154.35731899780828,150.89772243563453,150.00607701100972,158.66711142014475,158.98327076256888,34990.51325436109,11990.51325436109
367,35.0,48.50450880435389,173.16556124714222,305.34737263277026,299.7934923241011,299.71511085467023,296.77770236754617,148.8194194869605,148.34207502502667,154.4057207547027,154.3572608928142,150.90031120992106,150.00524926228803,158.65715292440643,158.97591507358874,34994.149401508825,11994.149401508823
368,35.0,48.4934223756842,173.17691540148493,305.35420504124596,299.80418516577015,299.70317620442614,296.78729336808016,148.82854563913645,148.33954396860244,154.42172072406018,154.35326239578538,150.91250455387257,149.99889473111836,158.65371783132372,158.96534287763944,34998.49370937503,11998.49370937503
369,35.0,48.501413677200155,173.16635295073013,305.361210557988,299.7952628557484,299.71142022612867,296.77124809366626,148.83333593591658,148.34461835649097,154.4051764286614,154.34648308917787,150.91363074296453,150.0032833300721,158.66745430675974,158.96848811563234,34997.48339960668,11997.483399606685
370,35.0,48.49448630988476,173.1598158938196,305.3600732696749,299.80976196250884,299.69946525068934,296.7746106737886,148.8330681441436,148.3426803957283,154.41018748062737,154.35966757872984,150.8992553747152,150.00678579435777,158.66425474527628,158.98005946669218,34999.2715084873,11999.271508487296
371,35.0,48.508132674317835,173.16161829603482,305.3491050641629,299.8089621112596,299.70043711546356,296.7756636025132,148.82447705030506,148.3409858141235,154.42108106836352,154.3511842094483,150.90690725007425,150.0133504855418,158.6680500512424,158.9707258513535,34995.5525741259,11995.552574125895
372,35.0,48.50323519931106,173.17594035930594,305.3566169711126,299.7960593924661,299.7096704349321,296.77632914047683,148.8358096327411,148.34755928635283,154.41679999102405,154.34684776180632,150.9008022853367,150.00293219747599,158.66917793768948,158.98090612523725,35001.73568692916,12001.735686929163
373,35.0,48.499146857563105,173.17184737552608,305.3622028798757,299.80880849403104,299.6974404193011,296.7737507932089,148.82289398221468,148.339748013192,154.4065198935254,154.3444469663462,150.89885302247004,150.0099874785295,158.65745373620592,158.97743898705286,35007.27711211846,12007.277112118465
374,35.0,48.506381857754405,173.1640952819759,305.3513353374527,299.8041327776163,299.71288060037426,296.7779747816801,148.82125940244268,148.33770640074852,154.40463750085152,154.35446893372318,150.90485054960163,150.00940187612665,158.65512582362246,158.9738294233983,34992.35063711924,11992.35063711924
375,35.0,48.503802014881664,173.1718974150454,305.34643348695033,299.79576707444915,299.71463185606575,296.78659128584405,148.8224447027063,148.34273910333073,154.42322180405836,154.3533750849552,150.8983873892929,150.0148762245396,158.6638093331357,158.97232173846342,35000.347582143084,12000.347582143082
376,35.0,48.50931049054914,173.1623068554526,305.3543285845536,299.8030926759853,299.71551063657375,296.7846253741059,148.83842664702675,148.35461430439656,154.4229548785871,154.3592855881725,150.9044569113148,150.0000788096851,158.66991300491048,158.98250914435317,34992.6413621269,11992.641362126904
377,35.0,48.49089826045138,173.16977569488063,305.3604254613355,299.80762263896975,299.6992902114698,296.7815471880109,148.82072836174243,148.34326736114792,154.40547571597148,154.35970114983405,150.90060701077942,150.01461793457096,158.6645964504095,158.98301262608973,35004.337193623855,12004.337193623853
378,35.0,48.5078691297752,173.16717310940172,305.349933581648,299.7912954916873,299.7005776881554,296.7695498084134,148.83098398533417,148.34947454101493,154.406275685821,154.3602929463867,150.90505050794673,150.0140432700206,158.66895834813033,158.98301443497726,34997.92119405614,11997.921194056145
379,35.0,48.491190093006715,173.15906985852988,305.35937304174115,299.7978814553931,299.71288461181683,296.7746049245009,148.83671327273052,148.33758998520312,154.41905883118073,154.3594758926961,150.89660140481368,150.0024946570543,158.66542022357382,158.97660003644458,35001.30842623717,12001.30842623717
380,35.0,48.5006465202946,173.1771317609225,305.3532495416522,299.80106485350194,299.7046435249253,296.78669466030004,148.8286842721521,148.3377814209604,154.4106592656315,154.3528103292392,150.91592155475513,150.001254541081,158.65541941854352,158.97743157925152,34993.665596724284,11993.665596724282
381,35.0,48.50199464975525,173.17043239826614,305.36109121964915,299.8027484001311,299.70428301091084,296.7760285792861,148.83323399295605,148.34393658742462,154.4090843652904,154.3486663937826,150.8989865844953,149.9994961038437,158.6615017226095,158.97543281268614,34992.896955186865,11992.896955186867
382,35.0,48.50380544021622,173.17469015724038,305.3585308309149,299.8093469279507,299.69895157462577,296.7696587819811,148.82369777505664,148.34635890014982,154.41580590016164,154.3460087279499,150.90383229398327,150.00174542205255,158.663952088242,158.97693347223472,34999.76112561298,11999.761125612979
383,35.0,48.508058400757115,173.16493218493147,305.3608307131522,299.8041039934217,299.7145789038719,296.78799215061616,148.83266841347006,148.34875757661788,154.4050548948287,154.35448859612026,150.903279806084,150.0016813317081,158.67061767959018,158.98250149200908,34997.112254757,11997.112254757
384,35.0,48.509545804870726,173.17486253232568,305.35381635664163,299.80586815832527,299.7001743795862,296.777384706049,148.82597438748644,148.35233608047068,154.41225641726214,154.36042917069284,150.89686675267063,150.01413103340522,158.66106780089916,158.97526958609086,35008.80863890506,12008.808638905057
385,35.0,48.50111033280093,173.17720308350124,305.3507029915945,299.79213407380206,299.71247967127584,296.77703670189595,148.83545233981508,148.3508367737769,154.41096528964394,154.35438035235842,150.91414238631015,150.01673772910868,158.6679270647729,158.98158990501796,35005.306505076136,12005.30650507614
386,35.0,48.49247729579969,173.16322866795642,305.34981544456724,299.8054548241193,299.69916493833625,296.77696172754304,148.8334754643069,148.3460883705594,154.40904523681817,154.35283058204843,150.89832920465392,150.01207487793124,158.65746407561906,158.97645243993102,35004.97327239701,12004.97327239701
387,35.0,48.50302081414485,173.1721758575912,305.3468265263832,299.7986274022226,299.6980079123585,296.78422269157363,148.82832547133995,148.34807602854534,154.41025596949171,154.35641212289403,150.89872378583027,150.01406917842078,158.6717143454935,158.97923983457378,35008.074394794916,12008.07439479492
388,35.0,48.49324205155962,173.17642131381797,305.3463125982506,299.7905964052308,299.7052155854615,296.78632683068014,148.82142158979588,148.34661247638434,154.40527571457525,154.34912464699084,150.89766666105237,150.01412410711606,158.66790582762928,158.98203942434972,34991.66844870884,11991.66844870884
389,35.0,48.5025359086062,173.16934484039172,305.36038125818254,299.8061279750666,299.70696805533555,296.7796020117983,148.82145536843495,148.3393757517956,154.40975084694355,154.35237007565266,150.9010664016852,150.01286766353238,158.6672702035171,158.9810835372146,35001.04384939845,12001.043849398447
390,35.0,48.50835498319911,173.17269157731653,305.3537116808737,299.7992684421208,299.7070339307828,296.77132447325806,148.83352582930723,148.3394859968776,154.4143943398043,154.3477202942541,150.8987722016473,150.01206353070515,158.66621363937335,158.96488527146823,35001.689521379114,12001.689521379116
391,35.0,48.49727948383761,173.16571058467153,305.3612391068609,299.8063828557324,299.71140439752105,296.77101532896404,148.8339229255234,148.3411451461259,154.406346368748,154.3594002238528,150.89798538745237,150.00114685776452,158.66537222522396,158.96996943702882,35009.23872757095,12009.238727570944
392,35.0,48.508217279885365,173.15821656450117,305.3463064538587,299.80401727059285,299.7092134157505,296.7723768257541,148.83777763162806,148.35027453071365,154.42369792667077,154.34417389997745,150.89713524790247,149.9989670772528,158.66874725815552,158.98305612912245,34995.84295053585,11995.84295053585
393,35.0,48.49365634185559,173.15935338511778,305.34773455037555,299.79721363237843,299.6984729364413,296.7808734546231,148.8293589545806,148.3515650037835,154.42244409082943,154.3622819824548,150.9111446744972,150.0086838951425,158.65230139080006,158.9680018819727,34994.81657559831,11994.816575598308
394,35.0,48.50782578764643,173.1684165686274,305.36489582530754,299.8012205681056,299.7012414499228,296.7852024325116,148.82526071655576,148.3525343462117,154.42132694237338,154.34570024613896,150.90988793345429,150.0036282945075,158.66094297248415,158.970585449301,34992.00587884531,11992.00587884531
395,35.0,48.491502179848716,173.16194262736195,305.3480012706992,299.80164964220234,299.704717861674,296.7731146238312,148.8199795983519,148.34864689474693,154.4122772093015,154.36324680057763,150.8973416846839,150.01268743156788,158.66057186496525,158.9669126902531,34990.32859259183,11990.32859259183
396,35.0,48.491080225052436,173.162909961022,305.3566434690211,299.79484817533756,299.7165256094106,296.769339814328,148.8360633719148,148.35146363717098,154.41973610840068,154.35023764692258,150.91437013341798,150.00823162816516,158.66601507162562,158.96774731375174,35008.59058633584,12008.590586335844
397,35.0,48.498653820806304,173.16560697886632,305.3469644278444,299.80198855433196,299.70574101885325,296.77147142366573,148.82404007543326,148.34735367715717,154.40754935924596,154.34973392313276,150.89929886368142,150.00602297946998,158.65957773498505,158.96636138632678,35003.39833093182,12003.398330931817
398,35.0,48.502481068349745,173.17422785829112,305.3507354397773,299.79504386026895,299.7114199223921,296.77063197626984,148.83838418173403,148.33659258823096,154.40695149626947,154.34969659694923,150.90494538443457,150.0053205613259,158.66558797677578,158.96918374553997,35005.70305824046,12005.703058240462
399,35.0,48.49986313336347,173.16627819461232,305.361357500467,299.8038616810815,299.7070618672748,296.77550414269854,148.82259992237127,148.3410272286081,154.41312532269774,154.3502785222399,150.9089687944202,149.9991575416385,158.65530508211597,158.98189827806382,34995.63460211508,11995.634602115078
400,35.0,48.506803556152725,173.17574931995006,305.34997686604663,299.80995416750153,299.69812711048735,296.77607468302205,148.82207252791937,148.35049121556278,154.40533318064416,154.34780566743962,150.9115918980039,150.0074088258214,158.6553155116167,158.97486718148193,35001.72820332373,12001.728203323726
401,35.0,48.4908165873425,173.17289494490706,305.36075724180324,299.80500028637834,299.70169738890075,296.7705510659427,148.82354205825823,148.34665517750986,154.4043454988283,154.36067425442917,150.90052472328088,150.00718171946735,158.6607952727114,158.97638524390828,34991.27910532242,11991.27910532242
402,35.0,48.501540550653715,173.161551834824,305.3478789070507,299.8073835184227,299.7030231026249,296.78176039836393,148.82509515863345,148.35534965724824,154.42382043589902,154.36364926079304,150.91533138895437,149.99789751457905,158.65985848871958,158.97068087560834,34999.712551918696,11999.712551918692
403,35.0,48.500747850350045,173.16209677244692,305.34616082162324,299.7902543355422,299.7050692105035,296.7764979396303,148.8344500160863,148.35010729964586,154.41468768549012,154.35951305451766,150.90312375820386,150.014416226329,158.6579192385612,158.97082924516684,35009.54990279489,12009.549902794888
404,35.0,48.49909470711372,173.17084698465146,305.35741573977606,299.7903645093971,299.71618500660736,296.7827622822612,148.8360860021892,148.34902030723734,154.42152162555672,154.36133721459913,150.9088236139338,150.01471943474874,158.65409317000575,158.96572576432527,35007.530104906335,12007.530104906331
405,35.0,48.493191255197054,173.1686457045812,305.3513967806897,299.7945213439889,299.71128639316737,296.76999214889855,148.83494594652382,148.35242110027147,154.40702906840247,154.3479877075853,150.90097510197617,150.0146673325913,158.67005208866243,158.97205670928773,34996.76317903674,11996.763179036738
406,35.0,48.4918114426141,173.1687680877054,305.3451888276624,299.7993955766766,299.7123055813449,296.7729066818305,148.8364041075885,148.3465115739013,154.4121229813761,154.34829576932012,150.91255274801017,150.01433633585964,158.66347902619148,158.96572332363957,35009.23140309083,12009.23140309083
407,35.0,48.49425674492851,173.16516392060316,305.36324462892645,299.8037257498518,299.707114506613,296.7821730207139,148.82462303789143,148.34339408991715,154.4142018327724,154.35612352208543,150.9081764760632,150.0030358419236,158.66123515059334,158.977999847043,34994.63403252942,11994.634032529424
408,35.0,48.50985643742844,173.16060405389825,305.35956654252516,299.79462085674203,299.7068198042064,296.7766493821757,148.83690386099116,148.34598645980796,154.40933373415388,154.3600818672222,150.9118451238415,150.013067899527,158.66801012897204,158.96460830277232,35008.986376448316,12008.986376448314
409,35.0,48.497124702588806,173.16863044763096,305.36403491313297,299.80609288799064,299.7156586018442,296.78888290792094,148.82272689017097,148.3386514067978,154.40972570059668,154.3600656947016,150.89680633410424,150.00270098693042,158.66567289873797,158.97702079766256,35008.82755409413,12008.82755409413
410,35.0,48.49912522821374,173.1670607231726,305.36184032466605,299.79371618250366,299.70747512051327,296.7690124288241,148.82260070309172,148.3400540188373,154.40759546168923,154.34911810354708,150.89641737916307,150.01199653627043,158.65225573944943,158.97273284960417,35005.98405174705,12005.984051747047
411,35.0,48.50908070570915,173.15973637035003,305.3529160023746,299.80855035385287,299.7024424987343,296.7883493149169,148.83614356900597,148.34763039068466,154.40477351312467,154.3458423534985,150.8966895194656,150.00469483555136,158.6681324604341,158.96869115190097,35002.608958737335,12002.608958737335
412,35.0,48.497051943978875,173.16712755289475,305.36267579552975,299.8077427949537,299.71459380549663,296.7871855212677,148.8222301953002,148.35087130606126,154.41794258607206,154.35480030984266,150.91363358776496,150.01053907826963,158.65395288500667,158.9806061734826,35007.4857593325,12007.4857593325
413,35.0,48.50933003417515,173.1636054753359,305.3554522594156,299.80284071206853,299.714417415881,296.7808674653852,148.8204275025145,148.3432680179728,154.41507921892799,154.35104215138725,150.90678762213085,150.01115710462963,158.65344664713356,158.9646599026226,34995.86040569015,11995.860405690157
414,35.0,48.499626724399576,173.17392498898073,305.3581282867617,299.8034142506549,299.71284100636996,296.77291951889123,148.83565815526123,148.3411143398865,154.41056186634646,154.3629629897846,150.91370903301936,150.01268085508406,158.66489276553796,158.9828486999046,35006.97887110626,12006.97887110626
415,35.0,48.494674763456196,173.17488166392536,305.36495067231317,299.7932679580063,299.706010632242,296.78753405971696,148.8258009601092,148.35301217937618,154.41201505804597,154.35928667089902,150.8967612976266,149.9971822422986,158.66927912338198,158.96479114727467,35002.35753383835,12002.35753383835
416,35.0,48.497487188854635,173.16470382575085,305.3490505687792,299.792484082406,299.6989354349426,296.7843218035991,148.81922077599825,148.33785127582073,154.40609696112034,154.35416124369294,150.90198851928886,150.00757253887124,158.66296440694873,158.97285720428562,34990.26473715518,11990.264737155177
417,35.0,48.49803989957777,173.1606010927848,305.3498503348998,299.79525466570465,299.70949086757895,296.77931469611235,148.82605162590144,148.35204989604887,154.40446419327344,154.35470373032487,150.90909776462922,150.00399750880666,158.66065217957626,158.9683610896667,34996.94467035864,11996.944670358644
418,35.0,48.497245170620864,173.16612929068827,305.34908005644195,299.8009217043475,299.7068385354634,296.7759258328787,148.8250981594985,148.35520943683687,154.4161777826997,154.36395260428827,150.89952645285044,150.00988646052468,158.66585754252574,158.9646739002083,34992.96281721896,11992.962817218964
419,35.0,48.503922922667506,173.17199264658666,305.35714123493597,299.7926246537717,299.7029596431207,296.78882513960315,148.82711604398114,148.34731431476013,154.40558976474415,154.34785893857696,150.91517477577733,150.0096963923825,158.66411425298736,158.97741542272087,35009.63658779636,12009.636587796365
420,35.0,48.508845439309766,173.17143970471807,305.35362862994396,299.79701398557245,299.7033122565144,296.77177043172253,148.83673736222465,148.34822759684582,154.40913472739322,154.3635255273546,150.9137382293611,150.00514512552738,158.66682599266093,158.9714100254936,34999.5674061408,11999.567406140799
421,35.0,48.49230374616109,173.17723628591472,305.35989715057053,299.79829186893517,299.70487311196695,296.77848796728983,148.83533444504525,148.34207262293629,154.41898016997933,154.36377864565938,150.90298104634692,150.00583766910538,158.67177942295322,158.98211631418755,34999.947827309974,11999.947827309974
422,35.0,48.50990777136501,173.16619361587837,305.3502111718204,299.7959978151946,299.70793675285256,296.78380899034147,148.83630360013345,148.34992765684865,154.42325523011928,154.34643729096024,150.9077500847662,149.99741013595127,158.6703278031194,158.9826319229089,35002.789450327975,12002.789450327975
423,35.0,48.4927012738955,173.161791402603,305.347709455285,299.8051461948064,299.7070353607402,296.7745039437399,148.83656947194913,148.33935940013893,154.40532826812526,154.35130058770477,150.91230428001663,149.9974046359234,158.65399497926424,158.97236169394193,34997.37169212259,11997.371692122593
424,35.0,48.50767479403841,173.16550356148994,305.3629170540308,299.80632940533326,299.69770406599633,296.7764214305801,148.82794833126752,148.3408943471442,154.41767904845375,154.3593168618692,150.9052849371477,150.00051678185727,158.66920856389848,158.972429264386,34992.73800543371,11992.738005433712
425,35.0,48.50036496819711,173.16332306667223,305.3634740174868,299.79946361058074,299.70131136773387,296.78385649415503,148.82846872119828,148.339435009808,154.41390662763442,154.352887576631,150.91364951514925,149.9999711472243,158.66519380507975,158.97460214158195,35006.44235466389,12006.442354663885
426,35.0,48.49995560032622,173.16298900818123,305.34607995831635,299.79480677086843,299.7137467590722,296.77327781419314,148.83012170129186,148.34220153983824,154.41471266652331,154.36277956878234,150.9070391460689,150.01392774040235,158.6586912759223,158.97045391278812,34993.796958238054,11993.796958238056
427,35.0,48.50787176119431,173.1687222105444,305.3471920282205,299.7986868388263,299.7080567126561,296.78720539485346,148.8288931549706,148.34756229022906,154.41394396684856,154.3541441140472,150.91437986694768,150.00427126827358,158.65293843782501,158.97435877578354,35000.22637965093,12000.226379650929
428,35.0,48.50716643547484,173.16993802751006,305.3585567278141,299.79680570953076,299.7161909963975,296.7817111526571,148.83247130566565,148.33747991035122,154.41571559285913,154.3501006703144,150.91254966470137,150.00093825284716,158.66016401263406,158.9793632040838,34994.4863405795,11994.486340579495
429,35.0,48.49683391553918,173.1690892410584,305.3507701027729,299.8017259323251,299.6982370842354,296.7834481514039,148.8344846552258,148.33848032178534,154.4138336057894,154.34562594532628,150.91575416321078,150.00778950774742,158.66236896383435,158.97939111600368,34991.95688968988,11991.95688968988
430,35.0,48.50102177191212,173.16043217744345,305.3559495326274,299.80000045868275,299.70650056143006,296.7795935321464,148.83719830352715,148.33815059089912,154.41446208297134,154.3531506336991,150.9025232743794,149.99863926906718,158.65632740452202,158.97739982822,35007.24383034843,12007.243830348434
431,35.0,48.50996244579855,173.1713962588563,305.3641227003716,299.79720546001744,299.71241082461,296.78129061206147,148.8379330718279,148.33809411204734,154.41522795224628,154.35866208907504,150.91316428394603,150.0053711650215,158.66647992622694,158.97043610351443,35009.45838978046,12009.458389780462
432,35.0,48.50374408164157,173.16240928154187,305.3508689599915,299.80739619170294,299.71166225134107,296.77852477553034,148.82778489866644,148.3377087754171,154.40663540023405,154.36372614493195,150.91112826369505,150.00129178507208,158.65346914566322,158.9674162346224,35009.21669316126,12009.21669316126
433,35.0,48.49756948189391,173.15950660516003,305.3532114428703,299.80209133792926,299.7107926634267,296.78692913922447,148.8356863451436,148.35272330992322,154.42181776770792,154.35890306652263,150.90761801607326,150.00215673790336,158.67146000742994,158.9718071105816,35008.131109984424,12008.131109984424
434,35.0,48.49853782022029,173.16646290303106,305.35446311101657,299.80136441654093,299.7035066833125,296.7767700675393,148.8310413263632,148.34505985886253,154.41459335893364,154.35928940307213,150.9093300564523,150.01145840555236,158.67173680074563,158.97926849098394,35005.480946653974,12005.480946653974
435,35.0,48.50410395380341,173.17208793505768,305.3555131140971,299.8077172534771,299.70996830086324,296.78625328666567,148.83217687101632,148.3536982011474,154.4145542892304,154.34798713319617,150.89870100717707,149.99827962871257,158.6528085726746,158.9690244625905,34996.662903040575,11996.662903040573
436,35.0,48.490343753177605,173.1739014217782,305.35522122092846,299.79695456302426,299.71056426668576,296.7712141055123,148.83479979770502,148.34053191920626,154.40961940299678,154.3627611413791,150.91419729693953,150.0130804981909,158.6537242922142,158.98100907724344,34991.622027799756,11991.62202779976
437,35.0,48.490102645551545,173.1768623408257,305.3507931930652,299.7900171169423,299.713345711972,296.7764698461575,148.83300682166714,148.35300637556816,154.4184326244929,154.34872419330603,150.90909019807157,150.00395892105934,158.6716269658976,158.97511990504438,34998.14482342828,11998.144823428276
438,35.0,48.49398459353125,173.16259461813257,305.34530029116365,299.795028578726,299.6990709865425,296.7714245541136,148.83547433714477,148.3374233006188,154.4079303357167,154.35938205456827,150.9126807481354,150.00997483416918,158.65908519541057,158.96475283503295,34994.64468284342,11994.644682843418
439,35.0,48.50957254550638,173.16560909867908,305.3581656850064,299.80802558421243,299.7069804424486,296.76929586063534,148.83469263423723,148.34781735047622,154.40535178394194,154.36364777786693,150.89965529995314,150.01180278218808,158.6606887103013,158.96840024953354,34992.64975269516,11992.649752695159
440,35.0,48.4942919235658,173.17560030746114,305.3532821194689,299.7937746016664,299.7166337240317,296.77573159459206,148.83895191412833,148.35205648106023,154.41157336006341,154.35495197719587,150.9073686625321,150.00436966254685,158.66332346069822,158.965046332325,34991.06854363574,11991.068543635736
441,35.0,48.50979791371562,173.16955541193295,305.3542318333586,299.80845692337044,299.7008101706813,296.7696318599964,148.82783148940712,148.34998971863064,154.42260376212482,154.34727223615715,150.89873064173335,150.00376750898246,158.65317880265997,158.98336528819752,35004.511887284214,12004.511887284212
442,35.0,48.49804237034383,173.15929810499972,305.35465344504144,299.7945917011099,299.7067811627699,296.77825133924733,148.8250861897268,148.35132747513245,154.41788166761188,154.34522734698692,150.90248312028046,150.00691271210928,158.66649968364555,158.9686943080002,34990.2285491725,11990.228549172502
443,35.0,48.49959739615902,173.17648623300366,305.36284527415677,299.79535206929086,299.70282597027074,296.77664450363505,148.8382317740983,148.3478065659326,154.41726016808013,154.35525761434292,150.90805908818862,150.00508939707663,158.65811786147322,158.98171919526115,35005.41161497006,12005.411614970055
444,35.0,48.493556356112265,173.16858489786395,305.35109365450614,299.80719158871517,299.7017983772517,296.77317435829343,148.8335535285785,148.3494040214419,154.41049519019805,154.34750210689427,150.90448666266036,150.01131577496454,158.66913983594247,158.9838224282281,34992.93893290801,11992.938932908008
445,35.0,48.498709534140424,173.15837973967237,305.3595078839243,299.7938618135959,299.708234770416,296.77495231532635,148.8387745350576,148.34583318995055,154.40431559455942,154.3553676372315,150.9080578017614,150.01417047396686,158.6541308043761,158.968551012195,34991.59044165174,11991.590441651735
446,35.0,48.50424098030593,173.16550336568673,305.3593154189646,299.7952326366021,299.70774818721515,296.77966642078417,148.8337161944185,148.34920211158175,154.42177185338264,154.35464737762715,150.9107620652713,150.01172264758355,158.67101095676773,158.97817595800487,34991.79206068477,11991.792060684773
447,35.0,48.494199648639004,173.17764516057278,305.35275245321736,299.80058551330325,299.6997133583371,296.77313737046853,148.83815437140277,148.340670719861,154.41096774104975,154.35282975072585,150.91472788718272,150.00506755026225,158.66762348044736,158.97755045807054,35003.440956147075,12003.440956147078
448,35.0,48.50675538165396,173.17773253175633,305.3495765713391,299.79904570390903,299.7123427789328,296.788374150492,148.83114742374224,148.33650717827817,154.41059796083917,154.3632166638121,150.8988874496615,150.00058858226686,158.6563116400252,158.98117734469938,34994.907344197054,11994.907344197058
449,35.0,48.50588238218499,173.1737631508702,305.3569694661316,299.8035287496945,299.7090914225185,296.76966700993705,148.83067527343854,148.34981552781016,154.413282301901,154.3567505291395,150.91383598688344,150.00163249428718,158.65506914336194,158.96933451849236,34998.410789333604,11998.410789333602
450,35.0,48.50897161636789,173.16865781454976,305.3581091758874,299.800249190476,299.7092055207017,296.7715882164798,148.81947567297144,148.33930170023743,154.40890633230217,154.3628088283581,150.90888976578913,149.99752437054383,158.66897591662936,158.97088814642495,35001.14737582648,12001.147375826478
451,35.0,48.50329682502115,173.16500196618188,305.35142151685693,299.7938568768396,299.71461317610357,296.78345726764405,148.83390905459387,148.35318612928637,154.41498530607595,154.34842001583846,150.91559854682745,150.00749753779095,158.65565601527112,158.97844302522984,35007.21102347658,12007.211023476575
452,35.0,48.507609559462836,173.16678544042387,305.36070069142266,299.8009216122962,299.70643907757227,296.7798650408942,148.83207300039416,148.35180318547611,154.42033552653723,154.3471597698007,150.8965944868998,150.00753016656026,158.65583892268367,158.98145885699017,35004.540885254224,12004.540885254226
453,35.0,48.49429510771786,173.17691088211188,305.35427414890887,299.79404604562376,299.7154248067852,296.78070037499936,148.8212697777046,148.35165379252612,154.4208544918159,154.3483595650262,150.90441816126025,150.01093631592238,158.6567579937392,158.9800538278372,34995.406558104776,11995.406558104774
454,35.0,48.4985295825453,173.1586682568205,305.35992177162103,299.8018753948472,299.70814836061385,296.78429480850275,148.8308562068619,148.34965784430534,154.41470967415884,154.36100864152786,150.91272720460034,150.01046811716415,158.65542422082046,158.98277078772622,34992.629655985824,11992.629655985822
455,35.0,48.49258597842106,173.16568685744454,305.34782820452375,299.8017291202397,299.71697032855235,296.78324509935254,148.82705204240594,148.34559108849763,154.4076881006008,154.35205579958253,150.91111288978985,150.00132605497336,158.65608169544612,158.97732639238754,34991.10748640842,11991.107486408424
456,35.0,48.505901181031135,173.17307447128755,305.35872941036035,299.8090413083213,299.71471619309887,296.7733848128442,148.8204325838551,148.3410901381664,154.42388814772258,154.35185992751812,150.91176652563985,150.01602512593664,158.67177510876252,158.9839613377753,34996.03197268962,11996.03197268962
457,35.0,48.49239463078921,173.16569290892667,305.3466917229832,299.8025740183424,299.70513492943473,296.7785375200981,148.83298039172954,148.35188571920642,154.41849857948034,154.35870338217177,150.9006516367306,150.01662785204442,158.66105036108357,158.9698152321422,34995.24236298479,11995.242362984794
458,35.0,48.50824643346085,173.1725181647333,305.3461176227069,299.80101945545476,299.716563818104,296.77981184283436,148.82284545763918,148.35355098336208,154.42340994229232,154.35942429875996,150.90075500012026,150.0044563560165,158.66587015249252,158.9654941818,34999.12281133601,11999.12281133601
459,35.0,48.49468078849039,173.16709219622737,305.34857399309544,299.80675420041314,299.705007256592,296.78559075766896,148.83813046614722,148.33893102330597,154.4067160413349,154.34632138260795,150.91124915010698,149.99821253468463,158.66132137371076,158.9709555605503,35003.66562671095,12003.665626710954
460,35.0,48.498629066994546,173.16909654587243,305.3560651811463,299.79381141733865,299.7112990605003,296.7746442281443,148.82007238401417,148.33871248795873,154.40426331422609,154.36104650840986,150.8976108310646,150.0141723926476,158.65680991541544,158.9705262396144,35003.91250891278,12003.912508912777
461,35.0,48.49807524664956,173.16605913122754,305.35765962519423,299.7946277089435,299.71372642717006,296.7867178646805,148.83541558371203,148.34827018025703,154.4073655427561,154.34630359170563,150.89868188302805,150.014445444761,158.66181339810151,158.983608579568,34995.670376931645,11995.670376931643
462,35.0,48.49421418507046,173.17716576434455,305.3552389105862,299.79257177490564,299.69971608210676,296.77115235289926,148.8235444034028,148.35512082067183,154.42153065874518,154.36220667467683,150.89843965685264,149.99898909286676,158.66784436317647,158.9699105711264,34997.598539118,11997.598539118002
463,35.0,48.493920082788875,173.17664484869243,305.35903831649097,299.7981269918623,299.7021307807483,296.7851771075268,148.83275968654706,148.34467142330328,154.40403848178016,154.35692906481515,150.90569725567875,150.01306942694987,158.6547231215619,158.96917816348304,34993.623019234736,11993.623019234738
464,35.0,48.5008542462189,173.17597340776206,305.3475406536053,299.8002605818181,299.7084682261794,296.78836598214644,148.82879885771789,148.3453457745656,154.40805226725294,154.34730640501968,150.90036968080872,149.99926399446377,158.66831987600546,158.97021077256895,35005.77091024613,12005.77091024613
465,35.0,48.509036006529556,173.15982510902126,305.36296563584546,299.8045119534958,299.7091664993123,296.7748726381566,148.8200481934078,148.3370832343888,154.40487683305773,154.35991915827918,150.89992137125247,150.00110035680783,158.6662785485687,158.9750365639611,34991.13696152867,11991.136961528664
466,35.0,48.499264186568844,173.16489807033366,305.3563691186284,299.7912512313788,299.70060889217416,296.7865373997706,148.82434097514536,148.3481322410085,154.41063033314026,154.35019962376538,150.9017295315848,150.00808743755962,158.65783788558437,158.97094504222127,35003.9399448345,12003.9399448345
467,35.0,48.49146146802457,173.16443132931647,305.34738682879,299.8044249143376,299.706055550943,296.783423958286,148.83703340009507,148.34385618467235,154.4120881692345,154.35664146899,150.8978821866494,150.01192100534533,158.65404640643607,158.97426893167435,35005.57390791882,12005.573907918822
468,35.0,48.49986479267934,173.15988970135427,305.3512698637312,299.8078936845209,299.701927097089,296.77100421282773,148.83803829652032,148.3555687207687,154.41546313894221,154.35572881729757,150.91232091002425,150.0051912967848,158.65216759382298,158.96641119869895,35005.54815123697,12005.548151236975
469,35.0,48.50818212394566,173.16575404096326,305.3464106272477,299.79554588383456,299.69788652158024,296.77332354705936,148.83461657596465,148.35276023857026,154.4156158279126,154.35381705864316,150.9050637989118,150.01022405910544,158.65334031857097,158.97339937615342,34995.18845128691,11995.188451286907
470,35.0,48.49041250687897,173.1590390282953,305.3549809717804,299.7958396642182,299.69918348828213,296.78425005405904,148.82379358565143,148.34630317972696,154.41179288757007,154.3632986820492,150.89800408586697,149.99795712446098,158.65649036196527,158.97597438050022,34997.47626275865,11997.476262758652
471,35.0,48.501004934112764,173.1619969869995,305.36064685585745,299.7937408415377,299.70581666271005,296.781849535103,148.8327384858139,148.34910102744058,154.41994501151228,154.34956845625408,150.89978584189524,150.0146014466022,158.66599863122946,158.96484188345647,35001.751992703925,12001.751992703928
472,35.0,48.497881667281376,173.16650513693355,305.3519202930665,299.8063885509722,299.7119310921612,296.77757803243776,148.82102852334836,148.33909894967135,154.42393153406684,154.3627713533845,150.9098598883494,150.00367375662972,158.66316701738492,158.97944108433853,34995.45643804849,11995.45643804849
473,35.0,48.496422340447694,173.16035510034013,305.35908538201573,299.791972370623,299.70420318594284,296.7751880678723,148.82865887184994,148.34662004724885,154.4063250484159,154.3540342200108,150.91042320766047,150.00440540079475,158.65363758052447,158.9645381903978,34997.417055984355,11997.417055984357
474,35.0,48.509038815350046,173.16411668251823,305.34930544523917,299.80019326339936,299.6981783902608,296.78462762508144,148.8361612196554,148.35415302818208,154.40615474521755,154.34484361429827,150.91400864928212,150.00067517526972,158.66914566356678,158.98111790373176,34993.941085603714,11993.941085603712
475,35.0,48.496690259378944,173.15991973635627,305.3515658966704,299.80503151529814,299.7107566298066,296.7804617230652,148.83884565061226,148.3422243357267,154.4204477152505,154.34935631538823,150.91070651181272,150.01179165350564,158.66406393988422,158.97368434538785,34999.19711767512,11999.19711767512
476,35.0,48.49884236405172,173.17132063583682,305.3530658840571,299.79658451672697,299.714398020897,296.7794928162571,148.8339784192202,148.34829970512868,154.41967155282947,154.34729003944057,150.89715114403387,150.01199609386742,158.67035252903193,158.96703821387487,34990.89224602508,11990.892246025081
477,35.0,48.49161199326586,173.16328801940818,305.3644224879471,299.80648003574373,299.7041349537827,296.78683806015334,148.825802069396,148.35426345130963,154.40886921764402,154.36283449447674,150.9124088052934,150.00169733866957,158.67043129777875,158.96717262504544,35005.99591769141,12005.995917691413
478,35.0,48.499700238957516,173.17507361671917,305.3540763354022,299.7968932070485,299.7023870185684,296.77503434976006,148.83603693949703,148.340257334164,154.40711342321316,154.35759970067775,150.90684468887375,150.00672591929117,158.66827355889396,158.97950654660502,34991.53912893973,11991.539128939732
479,35.0,48.50804635799031,173.1743950099092,305.3522565206549,299.80613751083064,299.71489533095365,296.76961607395805,148.82681490163148,148.33953620482185,154.41486887402579,154.34546472211542,150.9042583148548,150.0087864598538,158.6570241253533,158.9801915835379,35000.37670297663,12000.376702976631
480,35.0,48.50551745411059,173.16745540613087,305.3508099818929,299.80985546331465,299.71316545616895,296.7846387895533,148.8302074610458,148.33719066334336,154.4237584425134,154.34524651606162,150.90505311788706,150.0133552678686,158.6629269404127,158.97718635900605,34996.13620199091,11996.136201990905
481,35.0,48.50071585751015,173.1684250342711,305.36222657302267,299.80694602031076,299.71520746696785,296.7714654616304,148.82560287994937,148.34319026321717,154.42284660989452,154.35481242925368,150.89942936268972,150.01258536537324,158.66222935195808,158.96699637906718,35001.550858976625,12001.550858976627
482,35.0,48.50356825217428,173.17636864459578,305.347622888223,299.79787571865967,299.71148968675186,296.78270695683915,148.82485823006894,148.33826243688122,154.40630125176807,154.36346064322225,150.89906280787372,150.01677504276944,158.6607664220129,158.96767016086469,35009.18866681667,12009.188666816668
483,35.0,48.49051195383211,173.1704593727729,305.35228933957217,299.7936913041588,299.70857810808167,296.77359208414447,148.8268414080459,148.35263379590276,154.40482133665733,154.35711773224403,150.8999801483779,150.01564216158576,158.6678116561364,158.98090462166334,35002.91140488912,12002.91140488912
484,35.0,48.503161821837,173.16175337294248,305.36105188854253,299.7920309277283,299.6995119023285,296.77547072377524,148.83828896446062,148.34765388613397,154.4083405996218,154.35336265639785,150.91277691160312,150.01249550750887,158.65552378471952,158.96469130221328,34990.70724871511,11990.707248715109
485,35.0,48.507257368669066,173.16640607911478,305.35497792888367,299.8013609142651,299.70204385412745,296.77446684666575,148.82493257709348,148.34528994228094,154.4153015469237,154.34587415137258,150.9119560722263,150.01435617306106,158.66556602210264,158.97418365142263,34998.60804879016,11998.608048790162
486,35.0,48.50010511168595,173.17253091185694,305.34662060487955,299.7996524867995,299.70854259125394,296.77795986212715,148.83867000194763,148.33686573944726,154.4155185362804,154.3551640459353,150.90571211061098,150.00498631047589,158.6649019865316,158.97721910176006,35000.200337046364,12000.200337046364
487,35.0,48.49716862803898,173.17136935942287,305.35094503086646,299.79514586938944,299.6985348773152,296.7884149194604,148.82159849947837,148.3495014241136,154.41025896134005,154.35410258351268,150.91449180751502,150.00544808758522,158.65939951547904,158.9732720302674,35000.72354989407,12000.72354989407
488,35.0,48.49306099221709,173.16956851391416,305.35064475773663,299.79883261970565,299.70637210485444,296.78554121839574,148.83406669378175,148.34721141997073,154.40538102915573,154.35831354683438,150.898045175962,150.00582554705707,158.6597587899126,158.98381429342618,35003.62785021208,12003.627850212077
489,35.0,48.49927841568461,173.1668758997768,305.3491427738191,299.7938017754055,299.7157891930721,296.77846916365286,148.82712138295895,148.3506584937353,154.41063261902744,154.35262102202122,150.90206562762242,150.00121748535216,158.6646741706435,158.97619251736876,34995.55192195463,11995.551921954635
490,35.0,48.49739275015396,173.16041310281483,305.35588030778985,299.8022632528105,299.7130490870776,296.76997889223645,148.8371351135831,148.34955613863366,154.42312009165246,154.36042692821954,150.8993047109308,149.99814583728065,158.66350347076394,158.9760115317816,34992.577211309326,11992.577211309326
491,35.0,48.50609326386523,173.16320588410957,305.3579873030803,299.7967784205509,299.6992472459191,296.77826058623606,148.829412826029,148.3447536495649,154.40445507723314,154.36306253654965,150.8963876751556,150.00255064976406,158.6702784265605,158.97814466196849,34997.85351353094,11997.853513530941
492,35.0,48.503052153799395,173.17157346642364,305.348065916212,299.80960706815307,299.7043264930961,296.77432156809215,148.82261042720057,148.3449596552838,154.41657269912687,154.35518979598967,150.9078280871125,150.01633836441712,158.67069022932395,158.97402109155814,35009.12811445592,12009.12811445592
493,35.0,48.4949432628137,173.17645368267222,305.35140436703017,299.8090793360038,299.70802017182564,296.78597377124305,148.8249125003553,148.34603563586185,154.42126458141925,154.36076695382687,150.89972238815966,150.00194403929393,158.66480203004025,158.96825277366423,34993.742617835014,11993.742617835016
494,35.0,48.49768894200356,173.16684462599974,305.3551995387804,299.79196883598644,299.7032244933077,296.78567522406865,148.82453304982465,148.346678238945,154.4162604939829,154.3474035012047,150.91509721692887,150.00604252740595,158.65681813534414,158.97741455161315,35008.07967909856,12008.079679098564
495,35.0,48.49949392588415,173.17495756737588,305.3460659159753,299.8006558555436,299.7001907489961,296.77802231100713,148.8239171748411,148.33746638715613,154.4212865401272,154.3554704434512,150.90809265564755,150.01175035981612,158.6584106709957,158.98186506833932,35000.87611900154,12000.876119001547
496,35.0,48.49223737050749,173.16791623375065,305.36491032085434,299.8027199403382,299.701008966911,296.7745633067394,148.8263161245363,148.35363500143595,154.40424528390025,154.34489895547674,150.9007267278972,150.00307938474785,158.66953010439028,158.96998467211677,34999.138228432916,11999.138228432916
497,35.0,48.49782666813477,173.17500619933028,305.34774008665397,299.8063011856248,299.7088475938649,296.779464461863,148.8317923092835,148.34010916507714,154.4122131366454,154.3466039764515,150.90725261239115,150.0129121780377,158.6671142539855,158.96508515777725,35007.640828204596,12007.640828204598
498,35.0,48.508101069065276,173.16714752512388,305.35463777314203,299.79822152359367,299.71686993535513,296.77969909372416,148.82915918762464,148.34798269999536,154.420573743298,154.35358540631796,150.91271563475266,150.00614315649327,158.66075119793075,158.96816161739503,34999.17207923537,11999.172079235372
499,35.0,48.49632006438217,173.17601034406826,305.35355101924193,299.8084076882293,299.7048970158831,296.77224300511483,148.83329073126106,148.35329946700452,154.41120057162595,154.34920486627712,150.9156040078654,150.0134250969484,158.66676661562605,158.96490255882597,35004.48335273223,12004.483352732232
500,35.0,48.49310003253142,173.17251992675548,305.35566604916846,299.8045966317915,299.71632649869423,296.7702486510671,148.8211261708453,148.34665118857842,154.42139083861395,154.35655505161498,150.89985413768258,150.01439139406864,158.66458225365182,158.96614602785343,34997.98050643406,11997.980506434062
501,35.0,48.502824296233314,173.1622515731617,305.3533797985883,299.8067017067126,299.7137269978235,296.7875367765354,148.83105520120594,148.33630247802222,154.42078143402298,154.34947243871397,150.90394221845474,150.01599777878374,158.67066108436484,158.97487275592204,35008.08088785802,12008.08088785802
502,35.0,48.50706282998459,173.1726626236822,305.3497833794185,299.8021025750229,299.71207123569565,296.7797243176173,148.81922180176153,148.3411920196716,154.41345530963324,154.3475673161342,150.9046673626905,150.01143949674554,158.65608244595506,158.9753987028967,35003.80050040383,12003.800500403824
503,35.0,48.50104734460037,173.16158804869755,305.35256529238177,299.8082485419555,299.7025165979417,296.781699603992,148.83616806340655,148.3529586684375,154.41281358425888,154.34428719781891,150.90599860325284,150.00966607220647,158.66795175645004,158.9725939255438,35003.99244108501,12003.99244108501
504,35.0,48.507080665963336,173.1760064110387,305.3601559689186,299.8065416771058,299.7142515153586,296.7887287780958,148.82393602346963,148.34220469742772,154.40581427254259,154.35351088145748,150.9122935835442,150.00917950561995,158.65311819763988,158.97784126836763,34996.554408031145,11996.554408031143
505,35.0,48.494300077347965,173.16642729080888,305.35911204653087,299.79460627678833,299.69944123691863,296.7779874811527,148.8298885756951,148.34072778263402,154.41075658437254,154.3630961491202,150.90235936456116,150.00836656256638,158.6686420944296,158.9682854280696,35005.135572854735,12005.135572854737
506,35.0,48.50909861283951,173.16330981600362,305.3478392340053,299.80139359618227,299.7097096845215,296.7874774079987,148.8339623572542,148.3447063337769,154.41924971574076,154.35472217827655,150.91407959572135,150.0049846584239,158.65686808862023,158.97388597383255,35002.72122110894,12002.721221108943
507,35.0,48.495939675957125,173.1624474814126,305.35339816266094,299.7967067437641,299.7075239034924,296.7875783161476,148.82659600545293,148.34509399817782,154.40784496818014,154.36305693424865,150.90574850916406,150.01146235195446,158.66928920514786,158.96460075404383,34994.80040546759,11994.800405467595
508,35.0,48.50043839727812,173.1701973812391,305.35870425660914,299.7910214290613,299.70107384216175,296.7878149808914,148.83403088107684,148.34282051378707,154.4146566925099,154.3490606010936,150.90655309103056,150.00928152649468,158.66407630209204,158.98081830431659,34993.210776449705,11993.210776449705
509,35.0,48.490123922899976,173.17796491270408,305.35004428890375,299.80677701827096,299.7093918387829,296.78365400834264,148.82501858999353,148.34204603819396,154.42176915950435,154.3594265501292,150.91343936789465,150.00284044306144,158.66977663279576,158.97508363313628,35005.92782949035,12005.927829490347
510,35.0,48.490135017724874,173.17355045665659,305.36482384275934,299.8008852657615,299.7006939733426,296.78026946693865,148.83283003240825,148.33698062940502,154.41294574622816,154.3478237352708,150.90590889473557,150.001345738872,158.66089804663193,158.98244926571843,35009.183332060704,12009.183332060704
511,35.0,48.50462138972163,173.17271531503516,305.3609262580993,299.80782198220305,299.70122507290773,296.7777641421348,148.83465875077334,148.34684898341993,154.4194308448487,154.35946472452977,150.89857995695965,150.00888476081178,158.65389234987936,158.97981519610352,34999.1627765452,11999.162776545201
512,35.0,48.49551286891682,173.16467777230673,305.3499713563009,299.80537209664055,299.712762719807,296.78481262644175,148.8362293315089,148.34434209283023,154.4168944821417,154.3450158762328,150.9121312476272,149.9974969606251,158.66971852074175,158.97960777282879,35001.81968330647,12001.819683306474
513,35.0,48.500615296236965,173.17616164662445,305.36422015392856,299.792002372368,299.708824127454,296.78423736743053,148.8200273502802,148.34784499883193,154.40970194316162,154.35007096419395,150.90533506358946,149.99879616314522,158.67128747885317,158.97117992215786,35007.15445288387,12007.154452883871
514,35.0,48.49316268018827,173.17681207350043,305.35422487905254,299.80499511340804,299.70112357752834,296.7690430817115,148.82281877285226,148.3553293473835,154.4181753166912,154.34721561437684,150.91426733373183,150.00846842315556,158.66036265563557,158.96704605961972,34999.144469067076,11999.144469067078
515,35.0,48.50103044860975,173.1732675540505,305.3546904351168,299.7949899096019,299.70565549122676,296.77387231805824,148.8201217610943,148.346573430626,154.40997427216527,154.35641713895944,150.90753662612036,150.0055011720928,158.65354506583623,158.98237780996885,35009.037489536655,12009.037489536655
516,35.0,48.5045258684434,173.1667916762886,305.3526322776506,299.8076775595533,299.698026689363,296.7883915795407,148.82723167185281,148.3472352431216,154.41032221832907,154.36204401570654,150.8999721350124,150.0045078410295,158.6571605916279,158.97191779539148,35001.5150232409,12001.515023240898
517,35.0,48.50177493555552,173.16884199428395,305.35008856251113,299.8012673504923,299.70008927318844,296.77172318465404,148.8358204444648,148.35254184930204,154.40512274996763,154.3563008942663,150.9049476446605,150.01091557866113,158.65444767861092,158.9834602776571,35006.415342414024,12006.415342414026
518,35.0,48.492543137325406,173.17517372424695,305.3636326783553,299.8022038559188,299.7102709986012,296.7832568553675,148.83469853293988,148.34151562766544,154.41146156047725,154.35872766991247,150.905302744872,150.0153520624732,158.6566190434694,158.9702365159071,35008.176874368255,12008.176874368255
519,35.0,48.5020579978726,173.1635323035369,305.3624179385255,299.8053744218085,299.699071717327,296.77693596164426,148.82557289953704,148.34090670337324,154.42210123673806,154.34607810256603,150.90440299967545,150.00867362472627,158.66825771771263,158.97057715762745,35006.31047637537,12006.31047637537
520,35.0,48.50677415876693,173.16944147610766,305.3537808806655,299.7943343450851,299.7169523623623,296.78249674610186,148.83208874478146,148.34108585952094,154.41243290336982,154.35885698324213,150.90708109411682,150.00440845422156,158.6539604279813,158.97887438453077,34993.188289268975,11993.18828926898
521,35.0,48.49575216018998,173.1643391896697,305.3600418601417,299.79208528875773,299.70135265149366,296.7813990209481,148.81920401098716,148.337952684318,154.42264106970882,154.35793640212927,150.9150603580022,150.00038255654962,158.6582170903297,158.98127156981602,35002.57796878123,12002.577968781234
522,35.0,48.50783341292822,173.16129515118882,305.34819600573763,299.8066216755328,299.70032518742016,296.7806651483325,148.83816281772658,148.34604633720826,154.4131988269349,154.3626341534716,150.90963989100487,150.0034732157148,158.65761841111288,158.96653399863087,34997.9686851724,11997.968685172393
523,35.0,48.50434193970661,173.16057322261395,305.35905264528674,299.8073860697808,299.7106155347551,296.7770019297758,148.8312513601643,148.34024030751198,154.4158732693409,154.35762127151452,150.89787284500403,150.01070859917704,158.65435702049564,158.96563389757884,34991.25425904047,11991.254259040466
524,35.0,48.50984347766446,173.1708414214714,305.35578021720687,299.80036124426084,299.70638496622746,296.78316137857576,148.81940328097514,148.34959215805478,154.40830793310207,154.36318932220135,150.90147926710065,150.01541767020703,158.67077526122162,158.96725750857843,34998.480645037795,11998.480645037796
525,35.0,48.499759633567784,173.1613516483073,305.36333895362014,299.7940438775533,299.70343975390165,296.78079171877556,148.8299523643122,148.3365898351297,154.41379605866427,154.3629902161067,150.90112474691728,150.00019176238374,158.67173481185165,158.96468294545687,34995.17368133779,11995.173681337788
526,35.0,48.49054281789987,173.15833524571613,305.34787840471955,299.79855091875584,299.7043502012934,296.7822260675797,148.836293783558,148.34795700096925,154.4201318891208,154.3610899771259,150.90302876906233,150.00278572653346,158.6709711289502,158.97465380874758,35006.98076616857,12006.98076616857
527,35.0,48.507242118576336,173.17027782930313,305.3462419217091,299.79692767663425,299.71608647179414,296.78256222634064,148.83614449107242,148.35126895765774,154.42184458925618,154.3568888893022,150.9151893393924,150.01059587990304,158.66940743537896,158.9725144438352,34990.66609253093,11990.666092530933
528,35.0,48.50635937197415,173.17763873831865,305.36117466301175,299.8049760052828,299.7169348716144,296.7728907336471,148.8293407718183,148.3468966721062,154.4094443277091,154.34896849939986,150.90913352497412,150.00142401563028,158.66253950396165,158.9723965880709,35009.17965443727,12009.17965443727
529,35.0,48.49720274502768,173.15898773038023,305.36156430633724,299.79780049943923,299.70169469028065,296.7874646934041,148.82857501129806,148.33860864878002,154.41952573111038,154.36145455038266,150.9014514951529,150.00479212513838,158.65678945772683,158.97843967689852,34997.10737696944,11997.10737696944
530,35.0,48.50058417464454,173.17469157804308,305.3543959875956,299.80464992886095,299.7031049834645,296.7777397018174,148.83042210636842,148.35239237811757,154.40909431902247,154.34497466953076,150.90712957556678,150.00879132052341,158.66048201676352,158.9752739414336,34997.134137808054,11997.13413780805
531,35.0,48.50443393007308,173.17023300107508,305.3490146011637,299.8010170806904,299.7016779886403,296.7748083371996,148.83789933400783,148.35339664039512,154.41451008747833,154.35542398300723,150.9056180411603,150.01686714087776,158.6624533065078,158.97701538923639,34990.32657005367,11990.326570053674
532,35.0,48.50735175943323,173.16308275851364,305.360662570335,299.7932568036619,299.70224016556523,296.78693790427803,148.81939688098302,148.3387423075643,154.40536312154157,154.3551008260917,150.89855197582497,149.9994343568338,158.65391489521548,158.96680400148637,34993.704646504724,11993.704646504724
533,35.0,48.493430533570816,173.15986642602704,305.3618140509603,299.7960963800579,299.71572316654806,296.77110535338875,148.8293470396212,148.34312769669512,154.42258134779436,154.3611249466698,150.90303151252525,150.00398520329978,158.66335350290728,158.96537961140075,34998.02519001607,11998.025190016073
534,35.0,48.50806437070582,173.1697560393904,305.36093252265357,299.8021137804355,299.7064097339565,296.7695681306701,148.8305900189648,148.34810941995664,154.40670676322267,154.34773565816965,150.90063096655447,150.0022110601962,158.66857594378612,158.97448919829475,35008.585828346055,12008.585828346055
535,35.0,48.503985153999245,173.1607915449844,305.3601596538093,299.809740178217,299.7099396338078,296.76993059827964,148.82088134515232,148.3482461938728,154.4079304148845,154.35233158860598,150.91197966533244,149.99894069994065,158.66940403106994,158.97216772977254,34991.992298604426,11991.992298604426
536,35.0,48.49671124755994,173.17797005382695,305.3493333170846,299.79620246009944,299.7084949155457,296.7722129216049,148.8254656462053,148.3404146427694,154.41849707062602,154.3555699357346,150.9026321196486,150.0085913364372,158.65480362804064,158.96462370332245,35008.90603066958,12008.906030669581
537,35.0,48.503382197909495,173.16141466969648,305.35532778998123,299.80510425379657,299.7160255935192,296.7829846331212,148.82356626485242,148.34772612344153,154.4174327720889,154.34576966191608,150.9142182695823,149.99736229775397,158.66184393706703,158.9715830424234,35007.389770610935,12007.389770610933
538,35.0,48.49792766758103,173.17626487928703,305.35266093372866,299.8077335048385,299.7052145088932,296.7851315488107,148.8190714688919,148.34558215210666,154.41191389508427,154.36151889404115,150.9159900828933,150.00190924309683,158.67167666240255,158.97622559887134,34999.08324793815,11999.083247938152
539,35.0,48.50851924025506,173.16192455674732,305.3547468845451,299.79271664689895,299.71473377351856,296.781165327633,148.8278281160832,148.3531272487134,154.40536374715975,154.34763674108385,150.9085717400743,150.01419452696422,158.65927676136607,158.97578907000334,34996.534017635364,11996.534017635366
540,35.0,48.49467659333595,173.16902406707194,305.3503257765326,299.7984038401702,299.7076157849924,296.7819413078378,148.81972204966084,148.3405314376942,154.40689363889476,154.34603459841145,150.91064070180937,150.0162230058914,158.65427973608573,158.97877543695657,34994.65488258558,11994.65488258558
541,35.0,48.50502687375031,173.17470994233466,305.3638018874908,299.8082509113498,299.6995104831917,296.77380252292016,148.82792853925685,148.34882215872142,154.40629360157664,154.3501695540301,150.89853993724768,150.01152052186865,158.65987863957008,158.98353171500312,35002.289294129536,12002.289294129538
542,35.0,48.50451102343684,173.16768595153465,305.35970747748803,299.7915051447555,299.70019664396864,296.7717135671812,148.83189077114125,148.33735880785392,154.40993805578665,154.34817357430808,150.91245577415972,150.00340261404295,158.65377726600497,158.97982292915287,34990.66149182951,11990.66149182951
543,35.0,48.503172358245024,173.17445469613943,305.3614923755766,299.8007773396307,299.71018454577364,296.77856475361017,148.82937948878558,148.34689306044623,154.41837438655816,154.3441258348451,150.90671673822422,149.99870814478882,158.6585072272063,158.97924787993796,34990.31212128894,11990.312121288936
544,35.0,48.503826015440076,173.16814927723135,305.35718015560417,299.79209690313616,299.6979850226302,296.7800325900989,148.8226544714565,148.33885496168438,154.41472112954074,154.34723470226047,150.90827823255643,150.00782441518234,158.66566618720418,158.97738322686644,34998.57591444997,11998.575914449964
545,35.0,48.49357455041294,173.17781181676014,305.34703444978476,299.8050423370822,299.70436889227824,296.78528495735253,148.8256803084349,148.34911791818152,154.41742748325063,154.35041116826474,150.9036308497396,150.01243195193226,158.6546966268267,158.96431808173207,34991.36148147949,11991.361481479495
546,35.0,48.50168043324486,173.1761587122716,305.3539876201482,299.8012995592451,299.7059565357442,296.78264845461183,148.83046390605355,148.34675253136692,154.40860058629485,154.35679150915396,150.90670812824683,149.99856547349165,158.66906828575404,158.97263981292846,34995.03881976492,11995.038819764923
547,35.0,48.49476514575215,173.1747593530574,305.35793335471016,299.80531540894384,299.7045205180636,296.77373851027477,148.8282755457935,148.35375954784263,154.4235277347575,154.34880989662705,150.89797242801103,150.01279756036126,158.65628370118586,158.9683985816281,34994.423218306925,11994.423218306922
548,35.0,48.49238962663243,173.17166959118993,305.3617644467947,299.80862301729974,299.70016571501094,296.77546003561093,148.8381727690976,148.3554089222229,154.41220868442673,154.35136482375776,150.90929337807125,150.01015186606824,158.66923671719312,158.96579841435445,34995.06382387446,11995.063823874458
549,35.0,48.500089000574945,173.162590981615,305.3602819178998,299.796130599073,299.7078464057228,296.7789563469126,148.83136471066362,148.3505722910301,154.4153428970945,154.35920703393217,150.90206078554934,149.9970105997927,158.65611394215492,158.9705059136928,34992.621104624304,11992.621104624304
550,35.0,48.494211272623275,173.17736534216883,305.34874752940857,299.8067310435801,299.7009978920102,296.78513492369615,148.82406558270253,148.34884416992134,154.40699859538609,154.35668575536516,150.91098305021293,150.00245326377032,158.65743869761536,158.97165442654156,34990.24072445795,11990.240724457954
551,35.0,48.50511960061882,173.1727369101683,305.35979212507056,299.80294477383114,299.70792650883647,296.7869802966232,148.8240134221395,148.33652399815224,154.40946902468093,154.35396853749904,150.91585471211312,150.01390711940914,158.65632081074676,158.9696501016586,34992.309685942775,11992.309685942775
552,35.0,48.506259242794584,173.16870790896175,305.3464114928007,299.79072374090913,299.7115424170116,296.78703825421115,148.8378256177095,148.34949503538044,154.41736460887162,154.35451533217466,150.90276249861282,150.00514508927563,158.65818405932737,158.97434370636265,35002.36960519025,12002.369605190255
553,35.0,48.4983210266937,173.1638381413472,305.34524181670946,299.79232165321685,299.7116316835674,296.7760789170105,148.83453390793557,148.34362750488208,154.4096262457208,154.35184556246205,150.90024857082713,150.01453519075812,158.65938557283815,158.9768626161357,35009.48512425636,12009.485124256362
554,35.0,48.50002251786712,173.17177193263348,305.35411834360406,299.8095229293665,299.70418076585025,296.77968987841325,148.82416444207578,148.33603144075934,154.40406631381921,154.34990644454197,150.91145525471833,150.00042322837538,158.65558743362317,158.9643099156255,35009.80690003122,12009.806900031217
555,35.0,48.50152304283135,173.17734534331981,305.3537688645214,299.790622892484,299.70241329150076,296.78265153777494,148.83414213442802,148.35091327956732,154.41998980993642,154.35236588227323,150.91188485337014,150.01373460314892,158.66524674595453,158.9802688414501,34998.18108190746,11998.181081907462
556,35.0,48.495246346969004,173.16551035047468,305.3536793986867,299.80998008199714,299.6986376201408,296.7696320238971,148.8370077762919,148.35394658804663,154.41019488900181,154.35222481504687,150.90165092626341,150.0129586525384,158.65985656258965,158.98393247282578,34993.259088520936,11993.259088520932
557,35.0,48.495174881779235,173.17409842704794,305.359093153381,299.8017987263453,299.71165780277045,296.7737599383957,148.8199090632832,148.34145128246035,154.40955527925425,154.35896083301023,150.90763376210202,150.00403725886648,158.6593305858783,158.98016754149293,35002.77523514733,12002.77523514733
558,35.0,48.50901648389859,173.17124605971884,305.34737095293315,299.79536735149867,299.709074304326,296.78044387293255,148.8287477869109,148.3377632806386,154.41212221240744,154.36168366210856,150.91096548317472,150.00383880855568,158.658565023506,158.98101735684472,34999.80610693098,11999.806106930975
559,35.0,48.49402034137101,173.17278076941838,305.3530137138861,299.80462324495016,299.7126343259241,296.7887692902524,148.8326444198517,148.35360836163807,154.41647332733672,154.34570197341446,150.91443922540216,150.0155346780375,158.6568328801413,158.97733112998694,35009.78819554569,12009.788195545689
560,35.0,48.4932704841829,173.1759006183686,305.3626786685263,299.8060642517731,299.71226825480744,296.78885118470464,148.82670158660406,148.33947462210753,154.41215933261373,154.3588649805281,150.904473867008,150.00193950292945,158.66910318896416,158.9700372903444,34991.306084143034,11991.306084143036
561,35.0,48.49961978172327,173.1760045220697,305.3644489973383,299.80896813248717,299.7090304797201,296.7707825837426,148.8277904292053,148.35161544342262,154.41060312645536,154.35733880286125,150.90322611417267,150.01084773327105,158.65431750796347,158.97886424455533,35005.66468876628,12005.664688766276
562,35.0,48.509541984399355,173.17572704766587,305.3545031551278,299.7991786131831,299.70577155552934,296.7837554328289,148.82873872013667,148.34527287387502,154.41400537856282,154.3601890169167,150.89668059097218,150.01209554356038,158.6600030685268,158.96416386592782,34995.76796994663,11995.76796994663
563,35.0,48.49081752072682,173.16676885051166,305.3589073878386,299.7915484406602,299.7137088355449,296.7832881372691,148.8201776472089,148.353894749521,154.41316781978855,154.3569677632107,150.902584358585,150.0116801350973,158.65281830666575,158.97166773881892,34994.828372401535,11994.828372401531
564,35.0,48.50469315727386,173.1647762026573,305.36482045988316,299.7978745222247,299.71427878513686,296.7841736969383,148.83692579835704,148.33603202106056,154.42289609978332,154.34469656291054,150.9045513797196,150.00398483939549,158.6546947115604,158.9797419029746,35003.25009143065,12003.250091430653
565,35.0,48.50630716261365,173.1653767917895,305.3643795149009,299.7991713529771,299.7103830566185,296.7704335334539,148.8198755810366,148.3534939641675,154.41582274312896,154.3638076006113,150.91058326197074,150.0079711224017,158.6613769539774,158.97638085988166,34994.92126369982,11994.92126369982
566,35.0,48.49596628676014,173.17554244442397,305.362712877964,299.79405473962214,299.70124682682524,296.78079220821,148.8308646798915,148.3421486600484,154.411274809343,154.3578081110343,150.91598976360694,150.00071002956085,158.66662115068922,158.9809604705088,35003.31718235118,12003.317182351184
567,35.0,48.503697530775796,173.1588391340931,305.36038563968106,299.8048094153485,299.7096619686443,296.77342072307476,148.82268887115356,148.3392111993609,154.4158676475475,154.3632091687039,150.9088410502869,150.0125456791311,158.66632520900765,158.97958947608797,35000.34617034405,12000.346170344046
568,35.0,48.49677743168107,173.15997739709934,305.35142804310397,299.80055691051535,299.70362718848,296.7833617864599,148.83713960889034,148.3533997321466,154.4061633432645,154.36348960136016,150.8981315984309,150.00492404790927,158.66745372462682,158.97963841954513,34998.481779768714,11998.481779768717
569,35.0,48.49890228066408,173.16737752517787,305.35274996940194,299.79641593967017,299.6998292303502,296.77814315556543,148.82768201122744,148.34317902221224,154.41344486940818,154.35772514914305,150.91198185920962,150.00115139070235,158.66851927188148,158.97244874415358,35001.09375617323,12001.093756173228
570,35.0,48.50415131469524,173.16096746171056,305.34800973291004,299.80005397175177,299.716033869441,296.77526860244313,148.8367019603458,148.3417503748207,154.42223317244296,154.36009357831801,150.9124921234844,150.0040352554596,158.67092482334326,158.9770825389034,34995.74103039839,11995.741030398392
571,35.0,48.49901491383876,173.1653200877894,305.35042676536045,299.79218230550816,299.706255707651,296.7735949389444,148.83227048512555,148.33664922771737,154.41454219133323,154.34489589303013,150.90033788946624,150.014236733868,158.66419471129564,158.96726972630216,35004.13149412546,12004.13149412546
572,35.0,48.49491628216485,173.17070609064447,305.3459838489157,299.7908687971631,299.70461867129006,296.77253280189655,148.8310125219148,148.3465243058673,154.40424571394405,154.36355407551355,150.9048297731562,150.00110240808766,158.67195021919517,158.96910864703491,34998.297137386675,11998.297137386671
573,35.0,48.49337811481096,173.16246430470582,305.36362923112296,299.804572716279,299.71301485996946,296.7732525502423,148.82801835655883,148.33988619356896,154.41492647304466,154.35469665805044,150.8996526351801,150.00009998563817,158.66940665919248,158.9806467032622,34997.21091120972,11997.210911209719
574,35.0,48.4938919586828,173.16435006678765,305.34647767793786,299.8044966886646,299.7143039898718,296.7875700822998,148.82117530124253,148.34377559749808,154.40673048775005,154.35965429978097,150.9058035355094,150.01699127090208,158.66333115620986,158.96731057522817,35006.57313829112,12006.573138291114
575,35.0,48.49618251985201,173.16493938371505,305.35870435957816,299.79724428812705,299.70372807189057,296.7725387470625,148.83182472333388,148.34201553167097,154.42120735612974,154.3562815465587,150.90072512247798,150.01345664833576,158.66217809777643,158.97320625066683,35008.49933823906,12008.499338239064
576,35.0,48.504608468075766,173.17677650656142,305.3473858361193,299.79871601628986,299.7027475520904,296.7763567535391,148.82868794981397,148.34660256917363,154.416011593665,154.3554236084335,150.90221347240035,150.0158394009877,158.6583655281008,158.97849688002097,34990.920146217744,11990.920146217746
577,35.0,48.498633040939964,173.17492539893414,305.34635278882126,299.8060916875731,299.70316180734187,296.7812914322859,148.8386310768519,148.34980849608,154.4053593329754,154.35596273403183,150.8977112148423,150.00259767127577,158.65900320495433,158.97832070101836,34994.652539856594,11994.652539856595
578,35.0,48.50301858949567,173.174780577192,305.3618971720816,299.79479181332226,299.71243302150214,296.7736853517679,148.82351423535587,148.33825074889992,154.4121741595229,154.35174148977617,150.91066273720728,150.01696625264887,158.67142070318758,158.9682999074517,34996.970387389854,11996.97038738985
579,35.0,48.496132426006845,173.15927739572328,305.36194782059994,299.79920699474377,299.6988013148783,296.77213356560355,148.8304306684335,148.3468001472204,154.42309948509853,154.3452858983249,150.90447116411275,150.0036606635891,158.670378979504,158.98207658672132,35006.299329587404,12006.299329587406
580,35.0,48.500890474619546,173.1674761066348,305.3595718816703,299.80220235465447,299.71590002085816,296.781566077296,148.8197946832817,148.3552410005836,154.41339539115808,154.3507564732444,150.90211598911898,150.00531494365063,158.66003340857227,158.9672610966659,35009.70982855286,12009.709828552866
581,35.0,48.49404688586224,173.16939678681211,305.3594577410024,299.8038060690393,299.70250292325017,296.7699370912264,148.82140002111248,148.33797059646548,154.42009973535502,154.3577119070461,150.9061916218419,150.0091521805832,158.65864158849274,158.9807599358602,35009.379434093404,12009.379434093407
582,35.0,48.49289968025457,173.16573974037703,305.34993949881465,299.8076281472996,299.69741120378217,296.76944596545235,148.82007142681374,148.34644753286057,154.41897348962814,154.35863560134885,150.9067011898599,150.01338940273777,158.6607106690079,158.97481366180168,35008.098966911,12008.098966910999
583,35.0,48.491070767484004,173.1582519938053,305.3523065958584,299.80765604641783,299.70943282906507,296.78489787879494,148.82127392647516,148.35213240977097,154.41152432880563,154.35190093379592,150.90703975696007,150.01137931856977,158.658861263283,158.9780153891145,34995.93112530128,11995.93112530128
584,35.0,48.490421650447296,173.16979554845022,305.35070335797207,299.7945257891453,299.70632321234945,296.77878412521443,148.82375764399734,148.34024911452744,154.4074352826583,154.35130285517909,150.9084353682861,150.0009514431075,158.6636631461282,158.98103816728093,35009.84022486829,12009.840224868289
585,35.0,48.50791805123838,173.15814230205453,305.3463531478343,299.8010807235597,299.71193334741025,296.7798801400406,148.83672446521928,148.3451370357933,154.4049076357018,154.34625237911487,150.91031322750175,150.00462096899952,158.65719439770535,158.98342989518676,34994.98840082113,11994.988400821128
586,35.0,48.498484744944065,173.16667820660885,305.36465703210496,299.79111112463266,299.7013579668697,296.771816196225,148.82241453320654,148.34234797366793,154.40768023971148,154.3532652251648,150.91221319434237,150.00655428889954,158.65256634319223,158.97468260776978,34992.11812309764,11992.118123097645
587,35.0,48.49332715771217,173.1747539228072,305.35106626637116,299.7951365676891,299.6996721679398,296.77090017541184,148.83521432233954,148.34632494975426,154.40885599000038,154.3637068444213,150.9135854239782,149.99736593656218,158.67180667541524,158.97837276897562,35009.019052221105,12009.019052221109
588,35.0,48.49011249351018,173.17698547027436,305.35161603232115,299.8099358834265,299.69813725655564,296.7695973871456,148.82438694501505,148.34926886809905,154.4081302994135,154.35402328246045,150.90317285818654,150.01520069633548,158.65820833366888,158.96698396639815,34994.66840510936,11994.668405109362
589,35.0,48.50775063402962,173.16681314218843,305.35223417520297,299.8086298748636,299.7116023168383,296.7813898808656,148.81990627854708,148.35132975650055,154.4176470898274,154.35389003597453,150.90611871539195,150.0132458272297,158.66484099955423,158.96872676072206,35003.79536530156,12003.795365301556
590,35.0,48.508191306353844,173.1666371350883,305.3458995138398,299.80078301283623,299.70550398987086,296.7712048530339,148.83465109978442,148.35244255348405,154.41694441411394,154.35697534404684,150.89606912182816,150.01123482788898,158.65719908837983,158.98341274242892,34991.167127179615,11991.167127179611
591,35.0,48.50137227272017,173.17023093447511,305.3603548475362,299.7957015451158,299.71394603264037,296.76903206868593,148.82762252800063,148.34592409604116,154.40434217330548,154.35669479986632,150.90775918789163,150.00319608232994,158.67068849785633,158.97729492520693,35004.61418198255,12004.61418198255
592,35.0,48.50522060809106,173.17064691054043,305.3613648594759,299.8069087286896,299.71546000834786,296.78070033058657,148.8271735446751,148.35475395666344,154.41269136838304,154.3499835400325,150.90109516727517,150.0158931368093,158.65450263853674,158.98386934863046,35007.63440424667,12007.634404246677
593,35.0,48.503429788677416,173.16694232354376,305.353333552067,299.8051098036676,299.6988891292405,296.7846836452207,148.82593305290973,148.34876942980083,154.40531051461122,154.35689135111187,150.9122343763946,149.99748772653206,158.66302481084412,158.9674267282239,34995.44873790932,11995.448737909319
594,35.0,48.50795978912261,173.16351605719834,305.35086646401726,299.79917582459655,299.7030170155477,296.77966094568535,148.82422551341443,148.33913817900245,154.42362473891546,154.3619838356599,150.90886603704504,150.00298073325825,158.65941349146453,158.96710656318214,34997.58113792155,11997.581137921548
595,35.0,48.49493782583903,173.1649118976164,305.3560182601227,299.800711155071,299.7016025330556,296.78061146164555,148.82582501962747,148.3552321700382,154.4118837594945,154.3551246477626,150.89859418945574,150.0104761462782,158.6604461466306,158.9815678284628,34997.48592366642,11997.485923666418
596,35.0,48.49377650201639,173.17731730452448,305.3631441079571,299.8090670692559,299.70932538017377,296.787510890675,148.8347601323679,148.35020554021665,154.41160040744293,154.35265506906222,150.89848223496708,150.00030293306207,158.6634795163848,158.98385083466871,35004.975765150804,12004.975765150803
597,35.0,48.49278302507744,173.16844655477755,305.3633960925586,299.805857888844,299.70117426793706,296.77443345576717,148.83270243053616,148.3434634380091,154.41121734801948,154.34772735691703,150.91206671895023,150.00052593176196,158.6536380950287,158.97196326759465,34994.756144850784,11994.75614485078
598,35.0,48.503886848951,173.16804794513519,305.3647145465239,299.79063765478026,299.71426657646657,296.7774986497291,148.8242791949123,148.33891347831477,154.41042360676977,154.34790765022595,150.90879523681434,150.0059056328251,158.6538442409484,158.97046059813871,34993.437061980956,11993.437061980952
599,35.0,48.49597594487354,173.17266152690533,305.3624948042377,299.7909804399054,299.70689035290434,296.7803172734448,148.82041921504026,148.34774322954397,154.42039490883636,154.36346732334454,150.90930478933439,150.00611966798078,158.66699606913588,158.97369860720482,34998.985832973754,11998.985832973754
600,35.0,48.498797175799986,173.16613699334323,305.34714448214254,299.80246004591754,299.70715054917974,296.77709405960405,148.8333319091097,148.35521663953548,154.42386256973404,154.36355021236,150.90756208182583,150.0111436769397,158.65562623650422,158.9772766033644,34996.08936814755,11996.089368147546
601,35.0,48.49326848665966,173.17293244263706,305.35201785435856,299.7960262130286,299.7086224231643,296.78420761388264,148.83227515283468,148.34929724051557,154.40489989502208,154.3560690147126,150.90279894693134,150.00153426851256,158.6708189375921,158.9777015061757,35006.78378244517,12006.783782445173
602,35.0,48.49223344524335,173.17201406412542,305.35677241133044,299.7933804460838,299.7055857628078,296.7737324958293,148.82948806237133,148.34729250425391,154.40432786232674,154.34735397708786,150.89603017158086,150.01630342827298,158.66790384608615,158.97193225453245,34994.75483652031,11994.754836520313
603,35.0,48.50023316049149,173.16525167454776,305.3470429939672,299.8004070023753,299.7067237270132,296.78713895788286,148.81936724216442,148.34436109917436,154.42036665528545,154.36312936599762,150.89973560235012,149.9973425970961,158.6609998097497,158.97027990294418,35000.04778914979,12000.047789149785
604,35.0,48.49829856857637,173.17100800778928,305.35515152291254,299.79331552635875,299.6978298943543,296.78427754155604,148.82883509378314,148.35459988001182,154.42191791116431,154.3581862146312,150.90162622643066,150.00677700475842,158.65901048443453,158.9781158086093,35008.85167199396,12008.851671993958
605,35.0,48.49110237131814,173.17254267032735,305.35025917446893,299.8034832099713,299.7032537671922,296.7842109622921,148.83135578583224,148.35525027343618,154.4220105894044,154.35049587219598,150.89702770533384,150.0115446845055,158.67160207770877,158.9647953156156,35002.679953954896,12002.679953954894
606,35.0,48.4903306236792,173.15959980291444,305.35891033830444,299.80362818822107,299.70192006910816,296.7822309468481,148.83394081024974,148.3553620027071,154.40515219690994,154.35065082447937,150.90706737952806,149.99931197376054,158.66471770919696,158.975561358602,35007.34578810925,12007.345788109249
607,35.0,48.49924435706189,173.1627184255364,305.35790451666287,299.7975587224972,299.69901555137403,296.77549147034375,148.8344222937769,148.33954964667777,154.40607913564833,154.3440710818618,150.90669071303924,150.00394596965836,158.662252082684,158.98189100128667,35008.804193787095,12008.804193787095
608,35.0,48.50164057019619,173.16065604002335,305.3494228000436,299.7991184800605,299.705879258157,296.7856652358592,148.83816461937275,148.3509786575443,154.40794854430226,154.36292822331853,150.90552398591345,150.0041190298012,158.6695806991267,158.9740410276167,35005.015297237725,12005.015297237727
609,35.0,48.49479059502292,173.16994450808454,305.3569666290311,299.79191703356054,299.7010543411856,296.77489776339877,148.8332206285157,148.35390607885998,154.4047287369058,154.3493101192449,150.8991172208725,150.01363744061962,158.65502936408353,158.9671122829229,35003.991501204495,12003.991501204495
610,35.0,48.49993293217148,173.15875414328397,305.3478905229887,299.79707237890193,299.7125175888441,296.77461042802014,148.8227527107075,148.3450088329622,154.4114079494224,154.3579099946641,150.9153323892837,150.0168329728303,158.65500931025326,158.97991033114414,35009.35931133208,12009.359311332084
611,35.0,48.50283019639411,173.17194658094863,305.3610704872685,299.7914474897235,299.71534652475896,296.78305863824147,148.82300867259087,148.3504951433466,154.41938497150383,154.35378216745707,150.9123018255432,150.00559494134114,158.65768687682052,158.97469104596513,35009.88801579295,12009.888015792954
612,35.0,48.49838855302664,173.1664048678553,305.35516051895576,299.8050409549402,299.701043352119,296.78619385733447,148.8306799488921,148.35176397729302,154.41452306097463,154.35744917904518,150.90134598719132,150.01261023549952,158.67124655957744,158.96957960037037,34999.0364336534,11999.036433653395
613,35.0,48.50314955009584,173.1758700275799,305.3631225526354,299.7935657954169,299.7010795005674,296.7831596444347,148.83599378037894,148.34320191337238,154.40591861267725,154.35932378015292,150.9029563634298,150.0071078159624,158.66173342403027,158.97780617476903,34991.41739556369,11991.417395563683
614,35.0,48.501607113263894,173.17498268148714,305.36270508795644,299.7953089212664,299.71660226618263,296.7821371291048,148.83798019765118,148.33745461713022,154.4048693527081,154.34510480634526,150.90110421857946,150.00658157498577,158.66403520420934,158.97252706190395,34995.85588062881,11995.855880628811
615,35.0,48.50812676025739,173.1737339393857,305.3642813382049,299.80398107898554,299.7091000612114,296.7813210072214,148.8368578549747,148.34815443127277,154.41362453290574,154.3594229239864,150.9140088429204,150.01498888465008,158.65655962212392,158.97229491620087,34993.047094113754,11993.047094113754
616,35.0,48.50380382781881,173.16924247385114,305.35435223794417,299.8085979969133,299.7072095990762,296.7794060682126,148.83827317634152,148.35403243684428,154.40779111930544,154.35070830956508,150.9031144755334,150.01088307288393,158.65970807426157,158.97468846715284,34998.34972749592,11998.34972749592
617,35.0,48.5041589541435,173.17594169546348,305.355795774363,299.8066882382613,299.7048492637579,296.77252361089944,148.82094245379628,148.345198640255,154.41745430719206,154.36050141687667,150.9024869326081,150.0078721134357,158.6689817040736,158.9779494819242,34992.625786569464,11992.625786569464
618,35.0,48.506378023170505,173.1668512709989,305.34644476145024,299.8040343782712,299.70383294036714,296.7712862396629,148.8344201849152,148.3391591193625,154.4048650936724,154.35310115020096,150.9005757493611,149.99881905114034,158.6599049599639,158.97227073156543,35002.08235608042,12002.082356080418
619,35.0,48.50846565393689,173.17201175832685,305.3537609858839,299.7961332883144,299.70299460526525,296.7769167295427,148.824969687855,148.35081241753986,154.42089026148813,154.35386007789214,150.9111306588598,150.01619838615864,158.65638995455706,158.96549185379934,34997.65616118316,11997.656161183157
620,35.0,48.50654513277957,173.16874121185936,305.34705008041,299.8044390552845,299.70692277251794,296.7814399831658,148.82685075757968,148.35501535531878,154.42390023398917,154.34891872867868,150.89823599364559,149.99816014872684,158.65733902891145,158.9747000724327,35007.90771768576,12007.907717685765
621,35.0,48.49541508218224,173.16423759368894,305.3481865355819,299.80177079719175,299.7163436389265,296.78851810297414,148.82326980058428,148.34861639131938,154.4114874336997,154.3607822853971,150.90923302160613,150.01578039761606,158.66932243680344,158.96894664510805,35009.35589343597,12009.35589343597
622,35.0,48.49861386086763,173.1729685726752,305.35047493949247,299.8062960983066,299.70487066253804,296.77853507774313,148.82620376970564,148.3439343638466,154.42109450084544,154.36380449492188,150.89916001340458,150.00670646857478,158.65639743929256,158.98222442494264,35000.93769803339,12000.93769803339
623,35.0,48.49788854432606,173.17456172414015,305.3500761335023,299.80891320656974,299.7142479990469,296.7750874133209,148.8313974060372,148.35165417514852,154.41200009178516,154.34400099334036,150.90634577783942,150.0044751789184,158.66970945206342,158.97756984307128,34995.49647139735,11995.496471397351
624,35.0,48.49085027414101,173.17079863326805,305.35947106011184,299.8055433812631,299.7135987396955,296.78091431224703,148.82961399497154,148.3368920267149,154.41245926382078,154.34964260057302,150.90935943815992,150.01070686864625,158.66488558354075,158.9741835375382,35001.844608375235,12001.844608375237
625,35.0,48.505564311668884,173.16913105849716,305.3574235632959,299.794669224965,299.7163116130562,296.78762770827706,148.82209317776537,148.34308452015568,154.40422393466037,154.36011457566593,150.90105673785223,150.01391866178565,158.65801589848522,158.9653252872501,35007.93522316449,12007.935223164488
626,35.0,48.507316549729715,173.15889198024732,305.35207893414406,299.8080558236402,299.70115767357663,296.78032501590246,148.82846061837375,148.34067223002472,154.41969500462702,154.34676022636924,150.91423244780862,149.99890132180093,158.65696628864407,158.96478940401312,34998.13466691672,11998.134666916714
627,35.0,48.50126385411112,173.16454600724845,305.3581122942492,299.7936695799385,299.70618333285813,296.77171294493564,148.82539796528633,148.34851213693284,154.4101723159776,154.3533766792581,150.9060719236352,150.01547205722875,158.65362501948198,158.96947137837384,35001.04156553384,12001.04156553384
628,35.0,48.494968060579644,173.16319170062215,305.3525834528317,299.80150175978054,299.71389145972466,296.7734280711892,148.82117420663175,148.34132021033017,154.41724505593828,154.3540998234967,150.91411170715375,150.00804842350092,158.6676444717731,158.96641172077372,34995.43305535212,11995.433055352123
629,35.0,48.50640056673923,173.16086111680917,305.3554308037861,299.80158026337125,299.7127145537004,296.7768084355558,148.8379600774099,148.33765177340698,154.41994934982813,154.35812705057506,150.90547544465593,149.99984859224065,158.6689227416435,158.97644889007327,34999.108882989,11999.108882989001
630,35.0,48.491702379706396,173.16252288272747,305.35929801304684,299.8053710896345,299.7040206042467,296.7709611618308,148.83826692265092,148.34836326305154,154.4113784103301,154.35303816667786,150.90250985791528,150.00668719451144,158.66802005634707,158.97392088692672,34998.03427070759,11998.034270707592
631,35.0,48.50826566608106,173.1704331579194,305.3639494822336,299.7912042339938,299.7158780410508,296.77248318213157,148.82708393413097,148.34717055127933,154.40777474058106,154.3492633459963,150.91537799112626,150.0142518918492,158.66687332793222,158.9746741707712,34994.96826930166,11994.96826930166
632,35.0,48.49984236138699,173.16137147866695,305.3456948604742,299.80428421251304,299.70880152066326,296.78132745383954,148.83052769848604,148.34254256639525,154.4152070827617,154.35172751139453,150.91284025654562,150.01624899235003,158.65551019621572,158.97474389153936,35000.117327676504,12000.117327676506
633,35.0,48.491685932979784,173.17255344232808,305.36243624322464,299.80981022687183,299.70546542993554,296.7808490879927,148.83363593328616,148.33772380035094,154.4138258530038,154.3554299133244,150.89866645427074,150.00251417135604,158.66892258545676,158.97134447295494,34996.2076165196,11996.207616519596
634,35.0,48.496261722493855,173.1674868829055,305.35723774006544,299.79502225292157,299.714205794506,296.77136395588207,148.83755580905176,148.34600661336248,154.42214427616534,154.3598447211266,150.90803927902465,150.01322330609972,158.66213238787722,158.9654055768979,34997.46069727762,11997.460697277615
635,35.0,48.491847025716034,173.16152031658584,305.3547313922002,299.7942859281662,299.6971430034329,296.7739159146235,148.8333844735691,148.3457493554806,154.4233384652807,154.35270231403197,150.91474920165072,150.01541281258946,158.67007283043156,158.96671464545187,35000.499408845084,12000.499408845086
636,35.0,48.50121336575225,173.1608351817801,305.35978752584475,299.8032167629396,299.70122932587697,296.78336874701034,148.8301824885292,148.33610762502227,154.40860847572444,154.35584332265964,150.90012000219403,150.01443772964055,158.6715455634133,158.96867209917409,35005.01190045858,12005.01190045858
637,35.0,48.494534846326246,173.1778485928832,305.3569801984469,299.79805825028984,299.6986338987091,296.786196650711,148.83190901759156,148.3442451855991,154.4204254326507,154.3557246269114,150.9061983549848,149.9989188980446,158.66008907665343,158.9702183458284,34996.670149315825,11996.670149315825
638,35.0,48.5002975402123,173.1742377169012,305.35786241484044,299.79977726952126,299.71206239720436,296.7735417175459,148.8253702594284,148.33951495210562,154.41037840689313,154.3565431262885,150.90700195487963,150.01089996656248,158.65562387698583,158.97924242755803,35008.48317533242,12008.483175332416
639,35.0,48.506566339552215,173.1689026426519,305.3464152559103,299.8019562439837,299.7147424610156,296.7845468822271,148.82105502179604,148.34255743912667,154.41748471855954,154.35324231624946,150.89635486203764,149.99962027491546,158.67174126615237,158.98329017291866,35007.246370936715,12007.246370936718
640,35.0,48.49346073330554,173.15888430746995,305.351974219794,299.8065107669998,299.70909973017547,296.78196095560213,148.83043277167167,148.35432095923775,154.40420945939968,154.35149965296873,150.91234965435535,150.00001278450173,158.67125182451545,158.9800032942218,34990.97380591951,11990.97380591951
641,35.0,48.49907013568122,173.15883964659633,305.3580025548237,299.7925973444837,299.7053846912682,296.7739295912236,148.82497418867112,148.34627789915902,154.406625307313,154.36259863798014,150.9096216961075,150.00634850715835,158.66882814109468,158.96844614133994,34995.072850485136,11995.072850485136
642,35.0,48.49869436361512,173.1768414881216,305.36286220306306,299.7902993695216,299.71137349768065,296.769080324948,148.82980181543724,148.3366512883145,154.4215279452788,154.35083713309388,150.90741135241205,150.0006376263151,158.65825277254694,158.96958410919996,34998.92271025318,11998.922710253184
643,35.0,48.49222370760539,173.1625522615186,305.3570306955575,299.80170242892933,299.7156059006296,296.77124876768016,148.83216252217673,148.34569342784988,154.40644890840576,154.34738910524828,150.9022219458428,150.00750470073217,158.65333510223516,158.97613704044917,34992.09255777485,11992.09255777485
644,35.0,48.50157733916001,173.1654241426496,305.3499866479126,299.80450450046925,299.7099641014916,296.77315418894284,148.83320517552036,148.34152307794338,154.42205704993032,154.34988236268464,150.9141393101882,150.01310409528398,158.66824774248147,158.9667759574129,34996.96951978067,11996.96951978067
645,35.0,48.505980661005,173.1675327000275,305.36381134038913,299.7951611051597,299.711684090165,296.780778546335,148.8285374946963,148.34368851413834,154.417553097904,154.35656861130144,150.89778027742145,150.00817389255525,158.6709801236293,158.98394521335925,35004.80195051235,12004.801950512354
646,35.0,48.503774224623626,173.17481498708062,305.3624099729208,299.80699513854455,299.70208051125275,296.7692743716059,148.83602348618504,148.35072963201478,154.40688257186932,154.35308066911375,150.90858377831256,150.01320653892626,158.65548312866045,158.96621762604104,35003.610289622855,12003.610289622857
647,35.0,48.49095903943095,173.1747122172704,305.35316786277116,299.79124486016195,299.7152678025304,296.78261744839034,148.82274293415324,148.35161891863282,154.41966932750398,154.34674757400646,150.89946823473142,150.01654213179782,158.65891616817024,158.97308191084892,35002.44768857132,12002.44768857132
648,35.0,48.50248747748724,173.16101620011034,305.3509357181482,299.7972255935274,299.70001368541614,296.77669275690977,148.82195220823448,148.35001162030676,154.42186368196434,154.360203888622,150.9135186734549,150.00039267727058,158.66349282693835,158.9726487037568,35004.21056805445,12004.210568054446
649,35.0,48.49034485942925,173.17755779335505,305.3643959401541,299.7930383852898,299.7099975408961,296.7761848956094,148.8361612918815,148.3447583017133,154.4190029760572,154.3441779196776,150.9094097220389,150.01209694168352,158.65506696376923,158.98277083006974,34994.09847373919,11994.098473739194
650,35.0,48.494597597791596,173.1648127758635,305.3640827196174,299.8049120337375,299.69923036063494,296.7799285785886,148.82761317516974,148.3558878328447,154.4201270015597,154.3480241293151,150.903150068727,149.9971751467143,158.65769501912726,158.9834904998483,34996.83396229729,11996.833962297294
651,35.0,48.508174181489515,173.1654040021291,305.36013315588804,299.7994382018935,299.7144973945502,296.78751889188493,148.82239214159824,148.35129793991837,154.41178394917125,154.36161175611002,150.91002614897587,150.00485286795472,158.66310188178193,158.97533593224074,35003.524849645546,12003.52484964555
652,35.0,48.49485114574805,173.1596239393637,305.35942577761267,299.794037405471,299.70213906426034,296.78268121410576,148.82106718412373,148.3417997777085,154.40885547956822,154.34674157685672,150.89862410276396,150.0131803540991,158.65778524135277,158.97182091633542,35007.58469526063,12007.584695260626
653,35.0,48.49442508056972,173.15873064934246,305.34938896041706,299.80110495018204,299.69912593256737,296.78031831852377,148.82101249005476,148.35040596143276,154.41907669878674,154.35649861271554,150.89704751394223,149.9981508334267,158.65559248614616,158.98097705317844,35000.873561076565,12000.873561076562
654,35.0,48.49501475624415,173.16337724948994,305.36161082410723,299.8024065597768,299.7142128677419,296.78720033395524,148.82069467787505,148.33648082176282,154.40535650597263,154.35280461286197,150.911346618836,150.00156004650276,158.6569450029443,158.97440753886502,34995.65399301891,11995.65399301891
655,35.0,48.50376151818973,173.1586658135688,305.351099827912,299.794230959867,299.70153953168796,296.7835565964098,148.8209280752219,148.35239925698264,154.4138359880259,154.3606300457913,150.9044753265235,149.99724505363693,158.65470447102703,158.97507705628726,34990.60470516012,11990.60470516012
656,35.0,48.50643461909902,173.1598807072889,305.3490346292268,299.80265893188965,299.70152117418746,296.77848925008703,148.8287416984771,148.35327453688276,154.4142945876849,154.3451528647655,150.91226404286147,150.01321298095817,158.6703304443207,158.97582113722015,35004.20673657949,12004.206736579485
657,35.0,48.49398814737195,173.16988463638796,305.3521744260686,299.7934038912755,299.71634630810155,296.78379998327136,148.82440292918312,148.3430877945767,154.4184567244505,154.34585556942605,150.91201193920008,149.9977534963152,158.66215461083056,158.968781884575,34990.15768207017,11990.157682070168
658,35.0,48.498277929475556,173.16385886577186,305.35686767424454,299.79916774560667,299.7040013061719,296.7711861897094,148.83103693026464,148.3490461109359,154.4092988242327,154.34904842709696,150.90403674649943,150.0141693552451,158.65487290221736,158.97650337541592,34997.45358139642,11997.45358139642
659,35.0,48.490447416068896,173.1748919467539,305.3600887329018,299.7916268502433,299.69741178795175,296.78215325534313,148.8257055864795,148.3367638519597,154.41575118380712,154.35625940182067,150.89844864231338,150.00021887379384,158.66970355339734,158.97483743144915,35000.610744291254,12000.610744291256
660,35.0,48.501793448927614,173.16452001351274,305.35381508619497,299.79419699822864,299.70233317691793,296.785504269223,148.82111929041506,148.3541593331521,154.42174407776085,154.3476458140193,150.9099918449658,150.01484199460802,158.66052877468093,158.98340492973236,35008.44222923534,12008.442229235345
661,35.0,48.492654406354625,173.1686814087697,305.3575766299783,299.79067165482707,299.699174754887,296.78180021435435,148.8194621024006,148.35424800523518,154.4044653259065,154.35569892349199,150.89628691773382,150.0154600964999,158.6630664068107,158.98381286142705,34991.789890900654,11991.789890900658
662,35.0,48.50364338520235,173.1599780401139,305.3635136562177,299.80411007604016,299.7054353417903,296.78460541908515,148.82352705731097,148.34528599282368,154.41103876791652,154.35938881069416,150.9159352568493,150.00016354882342,158.6626370174337,158.97555707484094,34998.11884643936,11998.118846439365
663,35.0,48.503731682310615,173.17739549765952,305.34641495876497,299.809995901645,299.7046282375664,296.77580556103624,148.83226872539205,148.35532298155033,154.4047071760763,154.34404581040351,150.90089549449092,150.00911227102412,158.66694820168965,158.98013723676942,34990.4862639942,11990.486263994204
664,35.0,48.4994096200101,173.16360296409604,305.36186349079344,299.79811612672944,299.70584621256745,296.77488144588307,148.8253512231272,148.33984508782913,154.41151598020303,154.35444666374795,150.91583662757378,150.00330107830052,158.66665533026335,158.98132920391296,34996.85221968683,11996.852219686833
665,35.0,48.50126041479524,173.16804445681134,305.34611595150744,299.79388495536983,299.70227102827187,296.7719452582783,148.83882909139152,148.34712055703977,154.42362064863397,154.35241480752813,150.8999493573031,150.00513326052376,158.65224890875487,158.9829362507404,35002.44462117679,12002.444621176795
666,35.0,48.50955468341977,173.1634411190635,305.3490292494602,299.7987195960484,299.71353111636637,296.78065927991634,148.8305913407052,148.33895332057605,154.4175833329884,154.35533668063457,150.90651160460064,149.9982153078587,158.66525869682042,158.96492707729467,34995.58135896457,11995.581358964571
667,35.0,48.49860468013649,173.17254864034078,305.3525434871448,299.80870331491326,299.70519216462634,296.77419471320195,148.82264807371132,148.33728295553152,154.4188899143237,154.34957804965538,150.9013701432578,150.00179653304411,158.65918060180968,158.97255767542603,34994.194998993116,11994.194998993113
668,35.0,48.503551242059956,173.16577152941926,305.35679389505515,299.79613914989744,299.7163746207319,296.77639057638817,148.82238424978567,148.34239354479004,154.41915356499354,154.3477066535305,150.89947009258933,150.01382063196445,158.6601104027469,158.98136001527516,34992.31406466654,11992.314064666542
669,35.0,48.4902268484235,173.17651479373453,305.3474481578382,299.79665632793825,299.69807560544757,296.7769261786813,148.8293105406017,148.35564723762513,154.40623085547713,154.35373891758485,150.91418643521877,150.01591506585467,158.6544507192231,158.96579943030358,35001.54280488041,12001.542804880406
670,35.0,48.50708124440659,173.17659564922397,305.3627146408308,299.79259895679434,299.7028275160843,296.78408140782386,148.82951827278166,148.3464500269502,154.42066215717895,154.3620856453321,150.8988243935359,150.01676543170058,158.65531493884262,158.9730598798068,35003.90540011809,12003.905400118094
671,35.0,48.504980062038314,173.1613052881844,305.357545081773,299.8007551915637,299.7076342661251,296.7858553821381,148.83532139309543,148.33871887047815,154.4149000706913,154.35522024342,150.8980799786545,150.00838504186615,158.67143268629906,158.97854109941608,35003.43914281192,12003.439142811916
672,35.0,48.500810646129345,173.16996033664205,305.3461354750895,299.80148576255556,299.70817403346985,296.7832801245461,148.82426979340374,148.3417404039389,154.41838498527312,154.36343046936938,150.91191166066793,150.0097881864898,158.66436132968767,158.97071522480366,35008.97722041441,12008.97722041441
673,35.0,48.502954509774035,173.16078844404754,305.34689709631994,299.7909010435858,299.70162135591636,296.77536045300553,148.83312278872427,148.35346044219935,154.41173050138414,154.36035154900125,150.91595826136853,150.00334914189565,158.65660085436528,158.9791755906802,34990.05406427787,11990.05406427787
674,35.0,48.50914009501033,173.17449558393614,305.35559969721805,299.8028114150147,299.7154203768671,296.7807623590809,148.8306357184561,148.34189534853033,154.40941474602954,154.34914508295697,150.8962720879204,149.99890470757376,158.66177550259425,158.98234099845317,35002.943933077884,12002.94393307788
675,35.0,48.49378400055767,173.17313015700174,305.3480065702006,299.80237303480703,299.71262355652584,296.77748133945636,148.8379224586398,148.34968442304378,154.42086820220578,154.35916172196124,150.90311996716557,149.99777210083977,158.67155374021513,158.96426866833485,35002.00784474195,12002.007844741953
676,35.0,48.50082399464673,173.16177545624927,305.35551948239953,299.8020008618232,299.7080497733437,296.78240858812086,148.82272128661054,148.34112477102568,154.40843094149767,154.34806509787978,150.90612814080842,150.00762414818487,158.6631897561865,158.9687370519206,35001.77479219941,12001.774792199405
677,35.0,48.49005371636866,173.17142412086585,305.34601002517655,299.7905697447617,299.6975655973786,296.7743991307063,148.8374428560224,148.34597412997684,154.40686576829523,154.35464012933355,150.90343680359823,149.9983783156975,158.6645821697221,158.9670861153441,35009.255406396805,12009.255406396805
678,35.0,48.49179803248008,173.1630154177411,305.3529839636677,299.7960666775265,299.7040891422478,296.77984100491494,148.82837007320546,148.34317355496916,154.42054829898495,154.35603916573857,150.90187409129814,150.00329929272445,158.66353683540046,158.96724479192997,34990.3374334674,11990.3374334674
679,35.0,48.49560959539313,173.16466311285953,305.348604872549,299.8094664380527,299.7129795436781,296.7719424222749,148.838877756942,148.3424908080457,154.42171226001287,154.34870519469465,150.89880107330217,150.00540209008037,158.6629442055206,158.96726943287777,35003.92964861403,12003.929648614028
680,35.0,48.493795987576114,173.16013808346102,305.3535459918699,299.80216748227457,299.70196928836515,296.78878032338577,148.8300410298187,148.35327800043692,154.4171024617271,154.34848175540768,150.90463663944234,150.00847047726126,158.66737031003703,158.98136290126573,35006.27357299404,12006.273572994038
681,35.0,48.503220396629345,173.17126648280254,305.3611534519067,299.80746369679656,299.7157284440039,296.76908179017147,148.82611897001868,148.34176200734134,154.40913934901576,154.34516626082163,150.9124908345131,150.0032302122341,158.671273642817,158.9761014706225,35000.19614393243,12000.196143932431
682,35.0,48.49133446716253,173.16195953353912,305.3595525487774,299.8092633191924,299.70592477931007,296.78513126004935,148.81921783025365,148.34202928000173,154.416976812521,154.3612420950285,150.9074087832608,150.0164408487481,158.6655711643038,158.97034644363296,34996.67929739194,11996.679297391936
683,35.0,48.506348430893794,173.16890654146923,305.3512049496804,299.80070941884804,299.71012700305425,296.7740361099667,148.8318832399219,148.34453838281917,154.40661649234804,154.35672721310806,150.90705620911393,150.01187453411717,158.65946215071628,158.98357320589287,35005.81680326455,12005.816803264548
684,35.0,48.497334041269035,173.17215361875077,305.3541620814523,299.7945956019048,299.6976277251386,296.78065343575713,148.83245579074818,148.35575205689761,154.4040950769407,154.36144145031378,150.91551349444651,150.00838993023933,158.66881772297447,158.9661677505485,34991.94485851265,11991.944858512648
685,35.0,48.50709964210383,173.17038374789337,305.36185932206456,299.7972103196943,299.70002512610586,296.77712107316836,148.83692997317627,148.33670488380113,154.42158405374914,154.34575291359664,150.9153701198832,150.00457320291204,158.6669313431607,158.97262950541207,34998.8407127546,11998.840712754598
686,35.0,48.493577039729516,173.1767689865952,305.3494320231011,299.809487720962,299.71288580345595,296.7740419802537,148.82475884394785,148.34990187438703,154.40627976257971,154.3466377672278,150.90383872811316,150.00603918482625,158.67150605122674,158.97216163546892,35000.39904749142,12000.399047491417
687,35.0,48.49645470631273,173.16609311728783,305.36481917136956,299.7966784074603,299.7097301596177,296.78817784099135,148.8298292286761,148.3503662536338,154.4211556936575,154.35753559833242,150.90770692861187,149.99794734753132,158.66450872266148,158.97187380016933,35003.879128218694,12003.87912821869
688,35.0,48.49844133187778,173.16549884179867,305.35868208410824,299.7935119078895,299.70333816585475,296.77474417677035,148.83607828676585,148.35189731470626,154.41297183014976,154.34593143725525,150.90029550384918,150.0150679788918,158.67032726107786,158.98233263235505,34991.817714640645,11991.817714640649
689,35.0,48.49428684973351,173.1598735077847,305.3543011460945,299.800552249512,299.7165575135949,296.78138445083937,148.8193950513417,148.34956693789294,154.41473192653257,154.35585993030833,150.89947259946453,150.00484491330127,158.65683163534615,158.9702514448176,34994.555190030755,11994.555190030756
690,35.0,48.49381556199259,173.16244306709666,305.3458270161626,299.8016300165536,299.71544725465617,296.77992779485635,148.82213204400273,148.35598663827633,154.42183753042585,154.3613731700826,150.89939601178133,150.01608790035817,158.6589524883854,158.9784581208824,34998.2060312538,11998.206031253803
691,35.0,48.50953794327833,173.16056208069816,305.3503489873224,299.8097714678653,299.71426003295534,296.77961373618194,148.8277752194878,148.3467811945878,154.4152491563622,154.34433414382758,150.8961173505749,150.00698107405177,158.67074893318173,158.97190106442736,35002.4658934604,12002.465893460403
692,35.0,48.50170639538624,173.17570258590146,305.36177463623676,299.8055110054155,299.7000570903039,296.78116104811306,148.81945271638835,148.3422079538506,154.42325375311592,154.34754367973548,150.90691088641393,150.00223182333124,158.66029643983273,158.97760094272599,35007.73921562435,12007.739215624348
693,35.0,48.49541063636307,173.16592616915815,305.34739127283314,299.79449280768813,299.70806520844235,296.779989573157,148.8281588411597,148.34807623186646,154.41413683320582,154.35144339112523,150.89672504720332,150.00677956787706,158.66751988151162,158.96644961617417,35002.37652336483,12002.376523364828
694,35.0,48.508581331381556,173.17464905338048,305.3581420392794,299.79768970538316,299.7061578827589,296.7728893335197,148.82709608781323,148.34886985183795,154.4202473102384,154.34606910938288,150.91329530999064,149.99742615818374,158.65724024902082,158.9650450781725,34992.6692294187,11992.669229418698
695,35.0,48.50046116020512,173.1590008953944,305.3572587201091,299.8057311520722,299.7076945185097,296.77338483560646,148.83144302182995,148.34945842612711,154.41514509588754,154.36376597826208,150.91096995169605,150.01305214522364,158.65233226999456,158.9702970523299,35009.61160265574,12009.611602655747
696,35.0,48.507801132903815,173.1635918158597,305.35453443585783,299.7951912979564,299.69739514343763,296.7797559972009,148.83403731489958,148.3460080480317,154.42273420046857,154.36102956771737,150.90334456520793,149.99797850234083,158.66958823795736,158.98319792194266,35007.43571469511,12007.43571469511
697,35.0,48.4958561250542,173.1711685066531,305.3537240296212,299.79108795359855,299.71406943830186,296.778069932667,148.8204062282732,148.34686173170914,154.40914871177387,154.35889649467677,150.90405974934836,150.00676954715703,158.66554611883026,158.97578260593878,35000.054415222905,12000.054415222907
698,35.0,48.50738481292858,173.17192284306378,305.3498222267365,299.8090222966639,299.7005410753617,296.78528245961763,148.8358145127887,148.3384956085463,154.42142110205248,154.3545584554884,150.91284286133472,150.00553201445464,158.65432174267121,158.98032175735025,35008.446959635934,12008.446959635932
699,35.0,48.492437643312144,173.17554103690193,305.36219709306505,299.7942530208078,299.7095830814326,296.78590338341314,148.83858300458303,148.33968503356726,154.41503652614753,154.35514007978603,150.91594140275086,149.99705113204354,158.6551172624465,158.97406418040904,35000.82761587514,12000.827615875143
700,35.0,48.50803727744182,173.16784178592027,305.3531583009168,299.8048368658894,299.70450982967435,296.7700657571798,148.82935565045605,148.34015721107454,154.4045234813393,154.3479042904009,150.9121269624653,150.0010083784818,158.65810741133006,158.96491999421315,35008.466121357786,12008.466121357784
701,35.0,48.50760664508005,173.15859403857598,305.35088076739845,299.8021179695019,299.7003577151618,296.7867578258195,148.82002147681519,148.34428208576517,154.40534781768213,154.35497252811817,150.9084348497107,149.99842001103005,158.65952644440827,158.96580538050097,35006.597947372065,12006.597947372067
702,35.0,48.49755423069787,173.16028194140696,305.3644694496775,299.80642899964045,299.7062365843199,296.7718004065395,148.82866974096515,148.34528014208635,154.40433221342238,154.3627120402785,150.9048237681497,150.0030996288669,158.6573321270028,158.9771191315053,35009.365728205885,12009.365728205887
703,35.0,48.50915678188345,173.16201992700206,305.35396901994847,299.8065206444494,299.7104875313512,296.7730510880913,148.83645939762144,148.35038662591143,154.41520535528767,154.354869694,150.9130033641601,150.01085368995157,158.66394220868222,158.98255702667572,35008.395656215565,12008.395656215564
704,35.0,48.50407585842719,173.17611168904412,305.35401782785596,299.80025176606256,299.7024627151764,296.78704749980386,148.83795751329657,148.34476888289788,154.40552084145514,154.3606959705727,150.8977285718202,150.0020208905671,158.66246843260322,158.96998593220283,34990.720676348574,11990.720676348572
705,35.0,48.500014869856344,173.17497148696378,305.34851279294577,299.80760664712176,299.70567204784726,296.7867393823184,148.83537605522352,148.3421843252023,154.41051712484847,154.35563081827533,150.91034484887163,150.00745476143982,158.6558144656143,158.96602269412367,34993.49544008322,11993.49544008322
706,35.0,48.49828523045995,173.16855969276847,305.3502826690561,299.79296990751266,299.71598157175873,296.7744094296986,148.81931965640166,148.3530680773583,154.41742007757935,154.34528207147488,150.89645812431604,150.00859285868395,158.66483089361617,158.9734785207672,34997.78269354202,11997.782693542023
707,35.0,48.50066442603315,173.174561027148,305.3647415813081,299.79667735421793,299.7083297001024,296.7799824198291,148.82362482043536,148.34710137558517,154.41054255460617,154.3556332332783,150.9119843073487,150.00014053996398,158.66463546019537,158.97991485001043,35009.04285394591,12009.042853945908
708,35.0,48.49012051151847,173.17118908285315,305.36429122153373,299.80240826355595,299.7019506763583,296.7779851058984,148.83605713470797,148.35574472361677,154.4129316333131,154.36299021874717,150.9150582106606,150.01362466611423,158.65797496213332,158.9755420045663,34996.00057838952,11996.00057838952
709,35.0,48.49072460801901,173.17241640578672,305.3487803130599,299.80488673926266,299.7146239404015,296.7824508622473,148.83039749098347,148.33917018497885,154.41883151368714,154.353939968566,150.9083387139213,150.00957670153525,158.6546692089574,158.9730547329232,34993.209352877755,11993.209352877751
710,35.0,48.492267207328375,173.16141428815112,305.351014843579,299.8073907369722,299.7066320082772,296.7719140713112,148.83452051965594,148.3378720499088,154.41922406077893,154.360340451161,150.9042863267171,150.00877962954183,158.65658677035282,158.97461798407744,35007.72609332173,12007.726093321731
711,35.0,48.49240156898637,173.16887387890597,305.3518560530138,299.8003359930735,299.70291646137673,296.7772071242559,148.8253140328776,148.34191454579374,154.40530065188392,154.34735051850856,150.90444904280304,150.01082553713113,158.67080176384465,158.97305943193655,34998.92788830966,11998.927888309665
712,35.0,48.50200419776149,173.1624962292314,305.35548834701643,299.8074079366427,299.7165360864615,296.77267683081374,148.81972493196795,148.34593409707685,154.4165608087738,154.35964134856746,150.90435798866432,150.00418954946204,158.66735346557869,158.97831553789882,35008.15751188709,12008.157511887086
713,35.0,48.501474992430595,173.17493988407756,305.350179921418,299.8044704292903,299.7008443748054,296.7738883991909,148.82828774130837,148.34102869270947,154.41239112800116,154.3625047943096,150.9144572081633,150.01357558931403,158.6529516650877,158.98288754168138,34993.2046093264,11993.204609326403
714,35.0,48.499309200218946,173.1705204590698,305.3634530109284,299.80635549618233,299.701053918132,296.7785319092631,148.83330116480437,148.34338292818916,154.42326311838988,154.3464257616158,150.89848312777235,150.00461549879995,158.67163883583197,158.98363045204954,35003.222350230164,12003.222350230162
715,35.0,48.50134123430084,173.16977810296746,305.3475156233839,299.7986652160804,299.70330072395063,296.7802875250308,148.8208522014887,148.3467786006768,154.4136401522517,154.3575305513791,150.9031329468843,150.00792772594468,158.66398650432254,158.96462319636754,34998.80527505659,11998.80527505659
716,35.0,48.501951088629674,173.16521022265178,305.34687059601555,299.7957266107593,299.7083573606463,296.78324682558605,148.83624330614208,148.3371629750935,154.40488316690391,154.3465198788757,150.90015863791976,150.00660253695213,158.66189513870162,158.9758296474761,34991.52973538061,11991.529735380605
717,35.0,48.50320270558249,173.1634129534532,305.351478197118,299.805509331491,299.70024354149444,296.7748198907095,148.832875524906,148.34644998106643,154.41191954866957,154.34625859505817,150.90598928590975,150.0081358642929,158.65866873989205,158.96530346779133,35003.92926289305,12003.92926289305
718,35.0,48.50522920001454,173.1588268719159,305.36464118666356,299.80932417332787,299.71437382536266,296.77932990368436,148.82080587609636,148.34893548845375,154.4158656363548,154.3475086710091,150.89756218943552,150.00127672252935,158.66571158954082,158.97265289787515,34994.94797511079,11994.947975110783
719,35.0,48.49031365966196,173.17531165784064,305.36271268495994,299.79163310555543,299.70344003701257,296.77130678796306,148.82781853537736,148.34887025096205,154.40845519415132,154.3600550197203,150.90689177695728,149.99742234444412,158.67171654048678,158.97872882709984,34990.792310451594,11990.79231045159
720,35.0,48.50233484577655,173.15947620229437,305.3635225814187,299.8088402976984,299.70878745164754,296.7793697160228,148.82484277872118,148.35150842362708,154.4210516900371,154.3473335119939,150.91302658649826,150.01661958419717,158.6606334349823,158.97720709580364,34991.198885964994,11991.198885964992
721,35.0,48.5086942374483,173.16554045740554,305.3486532314091,299.79018177808376,299.7032968566822,296.780483345494,148.8265371121123,148.35390860167874,154.41629020039485,154.3525092435293,150.91093370712875,150.01252587894382,158.66114403940125,158.9702755974642,34991.221570741334,11991.221570741336
722,35.0,48.49087288612668,173.17602466228047,305.34503832986803,299.8013264232727,299.7028251555677,296.78209585714234,148.83663756787715,148.33606540841086,154.41898388388935,154.35395113813078,150.90741816725009,150.0048291571481,158.65882313165412,158.9667205638088,35008.1546591497,12008.1546591497
723,35.0,48.493494486386524,173.17744746580374,305.3515435937206,299.8079617721744,299.6996662651192,296.7788033013387,148.8342565756746,148.3459607652261,154.41550432715695,154.3587959267488,150.91211704598862,150.01313100160635,158.6690440782428,158.96429422241616,35004.79767835658,12004.797678356583
724,35.0,48.49701253545449,173.1616515638315,305.35344598059345,299.80772300841716,299.71160309459304,296.7794559645802,148.83167742916294,148.35132485611967,154.41621031190755,154.34533892776423,150.9101852415718,150.00114436602212,158.6617688876525,158.9828045817968,35007.961247144274,12007.961247144274
725,35.0,48.50336696126743,173.1701630632976,305.36316607824523,299.79675650340465,299.7119093210921,296.770772591086,148.8326283299579,148.34124911532592,154.40528945109352,154.35618394021944,150.9112448043235,149.99903458286659,158.6551108669862,158.97809088903648,35003.45164622593,12003.45164622593
726,35.0,48.49591138682031,173.16509337900177,305.3629181580696,299.79941756964166,299.709252958266,296.77206336805295,148.83344965961732,148.34972993742144,154.41492417598818,154.34411141922428,150.90258743921916,150.011391193121,158.6603332318931,158.97292288410046,35000.57879858062,12000.578798580618
727,35.0,48.50488834523204,173.16843675357646,305.34879566360183,299.79561055826144,299.7043243521955,296.7729792380925,148.83557835410835,148.34214011777615,154.41035314425156,154.35027157228146,150.90779313286637,149.997303350602,158.65899703897563,158.96601343432678,34996.088927286946,11996.088927286948
728,35.0,48.50539641188224,173.15832216128615,305.35353460734257,299.8072799005909,299.7022026623603,296.7825234979579,148.83030768173325,148.33912014217887,154.41827256260834,154.35564491934494,150.89912611356294,150.0080116662294,158.66445199708787,158.97318556934246,35009.95924502657,12009.959245026574
729,35.0,48.49346042559753,173.17749157184568,305.3526229072203,299.80856851278423,299.70133252242454,296.78056445437613,148.83225679255847,148.3437308986,154.40862619488922,154.3483926501353,150.90558178917328,150.01251288356795,158.6661375356296,158.96679728959433,34997.24378117879,11997.243781178788
730,35.0,48.49506951365197,173.15966355010147,305.3552377411518,299.796496428093,299.70789173390494,296.78859444434426,148.82571576776624,148.34006503851685,154.41201306978948,154.34957695835607,150.90118654710636,150.010910017129,158.6662917886906,158.9791838152485,34999.41297898428,11999.412978984277
731,35.0,48.49771752325286,173.17127400038532,305.36023663424197,299.7924380339421,299.71075730663256,296.7870487043565,148.83120156014638,148.33654390212556,154.40697609102557,154.35797116844026,150.90781808669396,150.01335645236674,158.65260296429074,158.97389261654305,34997.56490349847,11997.564903498469
732,35.0,48.49352174534833,173.16190907218208,305.3471397450936,299.8089745664232,299.7132503851302,296.7773942904747,148.81956709980238,148.34307024979591,154.4216095753754,154.3454253302685,150.89605577648808,150.0065448857438,158.66180610988664,158.98101792802987,35009.59053858671,12009.59053858671
733,35.0,48.50795792967802,173.1729737346363,305.35796679058103,299.7913930477349,299.6997480452323,296.7824246398437,148.8242358653546,148.34308869025338,154.4196656658441,154.35940540992618,150.89914053789076,150.00983828689064,158.65833806055525,158.96518552467714,34993.4931677079,11993.4931677079
734,35.0,48.50106665292941,173.15870925555845,305.3511221865907,299.807501574604,299.70815680089817,296.7836220558905,148.83617970993762,148.33777045739447,154.41877813880458,154.3624187162458,150.9143304096065,150.0126697089006,158.6629758804864,158.9757010192166,34996.559760018165,11996.55976001816
735,35.0,48.49511828291184,173.16467283038733,305.36197642285964,299.7993516235741,299.70108901236614,296.78046379518275,148.82749129868597,148.35021155618847,154.41814122630416,154.34985560384686,150.89659507795736,150.00498610230517,158.657044295662,158.97091306140393,35003.6069733203,12003.6069733203
736,35.0,48.504075827540895,173.17417146952863,305.36171335684224,299.7943848926472,299.7063721967104,296.7782553997276,148.83188499198167,148.34065466765395,154.4060239586068,154.36018286069174,150.9001201499407,150.0053620577232,158.65374960219282,158.97190206898134,34991.26415236677,11991.264152366773
737,35.0,48.49282275870397,173.16432897617585,305.3516200838982,299.80825403651716,299.7058279976767,296.78187511932884,148.81934944209485,148.34558840614187,154.41023347852718,154.3505486952577,150.91001878755938,149.99804866458365,158.6521298298827,158.97522900910292,35002.14498748023,12002.144987480231
738,35.0,48.501255730910735,173.15904431133228,305.35318049035203,299.8014125238553,299.6976811820008,296.7836631574601,148.82731382560976,148.35227415988868,154.42393034730787,154.35461446344442,150.8987352097219,150.0127797552316,158.66160626822398,158.9812002616657,34999.55293005753,11999.552930057529
739,35.0,48.50214519787862,173.17691940916944,305.3482219302035,299.8091363191687,299.7143498756469,296.7731014224228,148.82642322627186,148.3498136073961,154.41459868161394,154.3576805353151,150.89660277174818,150.00802984479412,158.66355396918934,158.97659880874008,34995.67999953524,11995.679999535241
740,35.0,48.50793762184754,173.17596265998412,305.3535496355391,299.7947104907372,299.7141895805714,296.77060871495786,148.8242522551967,148.3434634723024,154.40430476744262,154.35020129609813,150.91143846115432,150.0165935079335,158.65471945444102,158.9695222217768,34994.768265618484,11994.76826561848
741,35.0,48.4942353737531,173.1647430067164,305.345861942898,299.79524533916265,299.7093455347699,296.7699356838542,148.82201259437093,148.3400446789744,154.41912903496265,154.3555828689223,150.90407479892335,150.01670877727761,158.6686637221316,158.98316574192143,35000.29025486598,12000.290254865975
742,35.0,48.50081903631517,173.1674891880704,305.34504514167133,299.79059369605744,299.70777180001636,296.7844078333204,148.82739595890047,148.33741884245921,154.4123209377096,154.3614156117375,150.91339101361189,150.00965549812653,158.66357754625545,158.97746583087041,34997.35855161074,11997.358551610741
743,35.0,48.50155108556743,173.17066060139348,305.3550711339882,299.79045355388314,299.70659151048415,296.78519651663487,148.8285734806095,148.339724791719,154.41164656492268,154.35707838578608,150.9120621563638,150.01004964007723,158.66408098308574,158.97554074571445,34999.130397825254,11999.130397825253
744,35.0,48.50942512041911,173.17205560682768,305.36337097429987,299.8067783165694,299.70827766614644,296.78317729614196,148.83567104101195,148.3484231629674,154.42361398532873,154.35299873276537,150.90026143325048,150.0167120930972,158.66435226585415,158.9829694830357,34996.749547635285,11996.749547635285
745,35.0,48.50654847568545,173.17531806303214,305.35576203015677,299.79910497065316,299.7136653894264,296.76932351235257,148.83798630413,148.33636363445422,154.4099978403696,154.3516528347075,150.89845362307977,150.00723697149567,158.66281225034567,158.97220304249765,35009.40987387192,12009.40987387192
746,35.0,48.50728962813393,173.17354952349177,305.36115891697324,299.80103964216494,299.6990017139125,296.76945773088823,148.83561918795326,148.34056290136948,154.42354343626988,154.3453762965572,150.89992344363841,150.00364832302472,158.65494331746004,158.97406000121038,34992.66878863491,11992.668788634912
747,35.0,48.49082629629981,173.17114031932994,305.35332374263754,299.7948312930548,299.71460302517147,296.77068270373394,148.81918035093506,148.3473004955154,154.4114981239516,154.35273669743736,150.9094622883003,150.0095913041934,158.65789651613355,158.96829122653799,34991.93607906357,11991.936079063567
748,35.0,48.499389468089866,173.16006288609137,305.355858211269,299.79346921740193,299.69815499857515,296.7814578864842,148.82192628512996,148.34746308937005,154.4178654161344,154.3502072850989,150.89853203840298,150.00558841436683,158.66874446535,158.9641970886518,34996.867834575816,11996.867834575818
749,35.0,48.502792006931166,173.17475878250096,305.35226005105375,299.79282769260993,299.70414051014933,296.77034465831986,148.83890598288878,148.3479635538515,154.42365954997848,154.3600741318739,150.91583368205625,149.9972498744555,158.66981577814008,158.97519727597893,35001.82053801741,12001.82053801741
750,35.0,48.49238526443655,173.17776144010193,305.34645493924046,299.80910580301304,299.7138811774944,296.7772188595518,148.82615376914572,148.342649680701,154.41192929005956,154.3468339432073,150.91062336886404,150.00334267860407,158.6619385470287,158.9662422988098,35003.183529437,12003.183529437001
751,35.0,48.50353856342213,173.177183803108,305.3572874256552,299.7921661650221,299.7047610350819,296.7874908316638,148.82349898209142,148.34344238721025,154.41914034450832,154.36341643861607,150.90311020164654,150.00162148200988,158.67053078393,158.96797469910229,34997.94513494336,11997.94513494336
752,35.0,48.49159608632034,173.1691979877442,305.3618088494107,299.79394619628965,299.7107458122493,296.7693744136972,148.8301719336926,148.34773237229746,154.40589976190418,154.36331078352893,150.90443887969263,150.0133364911558,158.656668776787,158.9790771278135,35009.98555987844,12009.985559878443
753,35.0,48.49449861345292,173.17305629601378,305.35150626905926,299.8032733608089,299.7136041232382,296.7859024985752,148.82887308461426,148.34697196312771,154.40429238136562,154.3496623945567,150.89744093043606,149.99995156777982,158.65555698431658,158.97327219595317,34997.03785992386,11997.037859923861
754,35.0,48.497657652473244,173.17171108224153,305.3518406737479,299.790807466811,299.70964642728114,296.7710900814047,148.82396879608396,148.3536354270023,154.42130539753126,154.36161688487337,150.89703306659734,150.00246659221307,158.65905393624652,158.98060544430876,35004.4281333592,12004.428133359199
755,35.0,48.494201062540895,173.15895712763614,305.3630820376862,299.80374586911546,299.7127174998287,296.7797164467245,148.8345628928974,148.34798901882564,154.41167160166052,154.34512975232582,150.90692980927784,150.0126950012356,158.66460976200574,158.97359795108864,35002.75165389061,12002.751653890617
756,35.0,48.49568879343559,173.16479392040534,305.35189352791787,299.8081389899265,299.70176452179624,296.78434077031187,148.83580385313212,148.35453166012795,154.42278819227974,154.35111493122358,150.89817544404207,150.00891070000176,158.65721272911392,158.97941810004113,35006.26107726495,12006.26107726495
757,35.0,48.495874467869776,173.17592331349155,305.3606188463424,299.8060379078999,299.7000881560151,296.7707067688739,148.83565297396123,148.3505791113408,154.42219304158914,154.34643303346465,150.91119899712464,150.00282917543154,158.6573994849683,158.9818283785573,35009.524513269076,12009.524513269076
758,35.0,48.492596818751366,173.15866295626665,305.3514708595435,299.79423356006185,299.7023406191547,296.777706864515,148.82106685949628,148.3492582428008,154.40840035340156,154.34895875295706,150.91097098656172,150.00046421054236,158.65982895782614,158.97714993315753,35007.79587312891,12007.79587312891
759,35.0,48.50797273496891,173.16637922709927,305.35424548631175,299.8080851316858,299.70814343683224,296.78556037133455,148.83518442774852,148.3546044798022,154.40753166977345,154.35874451986024,150.91463268622087,150.00673907492848,158.6595613948581,158.977169175222,35005.29123948715,12005.291239487155
760,35.0,48.50703059282994,173.15999986889827,305.3627641852737,299.7927303655417,299.7134109082426,296.7844707940566,148.82930633038973,148.34358174793755,154.40725060841044,154.3512101598774,150.90888676131473,150.009527092542,158.6679384092278,158.96965835627162,35003.964969556364,12003.964969556366
761,35.0,48.49739835049074,173.1609045607318,305.34828796931447,299.80507682740017,299.6995346002537,296.77390030375363,148.83326829402154,148.34273173274784,154.41282533112133,154.34759075525898,150.90031421430365,150.00559785602147,158.65240106710226,158.9642939086065,34996.70996339352,11996.709963393518
762,35.0,48.49907040005337,173.170737268801,305.3486501711397,299.8068228993134,299.70478447226236,296.7830890857019,148.83238646727094,148.35101150505906,154.40566698720932,154.36294105853437,150.91465212452593,150.00877481600554,158.66682900521684,158.972219201438,34992.953711564136,11992.953711564134
763,35.0,48.49965638022458,173.16084095086023,305.34845587162334,299.7939484908563,299.69820742751796,296.77629195691526,148.82243665229777,148.34571309681604,154.41848421697065,154.3552345713836,150.90698695105337,150.01147345400335,158.6569645801598,158.97194266009063,34991.252720061195,11991.252720061197
764,35.0,48.50742760229303,173.17187177854416,305.3501433347095,299.7985805229537,299.71125035369477,296.7754371364163,148.8249078032861,148.35534301995295,154.40932993601706,154.3529258051365,150.90728119737892,150.00030990237326,158.66167030656135,158.97529989715935,34994.83803408403,11994.83803408403
765,35.0,48.50081269921833,173.16156789459689,305.3466641580452,299.7934854375898,299.70743333784594,296.7865024031286,148.82324578678572,148.3515715233745,154.4213842848688,154.34685132821738,150.9020060486914,150.0143811690839,158.66812052561724,158.9659829304529,34998.64562962363,11998.645629623627
766,35.0,48.4978764793755,173.16763252641175,305.35893483483375,299.7967401830506,299.7033155972625,296.77329376358426,148.83843330193287,148.35526579091953,154.4065135239221,154.35814764781563,150.90805002210848,149.99925867234575,158.66938567352472,158.97420529557536,35000.4399254726,12000.4399254726
767,35.0,48.50040033247728,173.17058637892444,305.35861405185716,299.80872826454436,299.69761180733445,296.7842840064545,148.83851696507818,148.35593830108274,154.41006024932278,154.3492221959267,150.91504726796896,150.0009826389624,158.66079768882892,158.9721074075543,35005.461671081095,12005.461671081097
768,35.0,48.499686790813286,173.1630188786095,305.3459123533914,299.7958960934923,299.69753755489694,296.7788666597353,148.83841021781788,148.34297725787985,154.4048408026772,154.3624457257036,150.90815340867633,150.0045440552258,158.66588149164286,158.98251304206258,35009.174818461135,12009.174818461132
769,35.0,48.50963876291819,173.17518780666964,305.35921262146763,299.79669248396425,299.7092408178796,296.7837044501663,148.8200358669171,148.34526321743297,154.42136232657876,154.35275944350212,150.89820344941066,150.00202223608042,158.67134798257518,158.96634386378975,34992.34640960769,11992.346409607697
770,35.0,48.4946053122192,173.16483362399904,305.36280648076814,299.809460805043,299.70037081921765,296.78085112254723,148.83762918543889,148.3538954101113,154.41210973079922,154.35312656603662,150.89770023733257,150.01649485189847,158.6646683749073,158.97006976678946,34992.140082803875,11992.140082803875
771,35.0,48.490117846346905,173.1580025105964,305.36345265448114,299.80236014474343,299.70649603940257,296.7740335865401,148.8244665562451,148.35587313070215,154.42139067563573,154.36326327718228,150.90447975384828,150.01629275621417,158.6626172385354,158.98205604073354,35001.79389446027,12001.79389446027
772,35.0,48.497526590490985,173.17224642085145,305.35758995448765,299.7908729937078,299.71503478422045,296.7834455933992,148.8362589370492,148.3520399468765,154.40793432756027,154.35406374115848,150.90182271687968,150.01567888433618,158.66946605122934,158.9659099869153,35004.907961478944,12004.907961478946
773,35.0,48.500086870476075,173.1690864077596,305.35310253349917,299.7987874490998,299.7149512436996,296.77496482915444,148.82964050814934,148.3424138638419,154.42044053215375,154.34421854867708,150.90200746779234,150.0093915098773,158.66039840444958,158.9797601993379,35006.96300760694,12006.963007606939
774,35.0,48.49207883220436,173.17633999448114,305.34524712218536,299.80066989233575,299.70093130088753,296.7704181602251,148.82033007412187,148.34151282426745,154.4053884900588,154.35341494671226,150.90521475858307,150.00024618298087,158.66900587826265,158.9686395029482,35008.71664160433,12008.716641604336
775,35.0,48.50404361339724,173.17541251611806,305.3543518779592,299.7908230702376,299.69868806072145,296.77193611598403,148.8341297296708,148.33960355518383,154.42321822181586,154.34877600414575,150.90898088629424,150.01178494016523,158.66144328135078,158.97774018103425,35009.66852484521,12009.668524845212
776,35.0,48.49139148753477,173.1657708976442,305.36142607714163,299.8019696876,299.7078981524978,296.7802776198671,148.83178504585356,148.34725231919094,154.41589466956907,154.34663672578637,150.91380034487838,150.00393323315808,158.65449062385062,158.9719128531222,34997.99603384449,11997.99603384449
777,35.0,48.4923132935589,173.17738777787983,305.3576517054882,299.80051963952144,299.7014974446541,296.7692676977916,148.8384980505885,148.35478877422935,154.42224447669463,154.35746825431713,150.90477753504857,150.0124369849547,158.65721793817812,158.9726104986211,34997.60670367055,11997.606703670552
778,35.0,48.49596773641805,173.15963282958418,305.3507290728239,299.7987934238506,299.7117447202224,296.7865764564001,148.8226688466777,148.34894572517626,154.42356986589604,154.35699439239525,150.901483676481,150.00551310657005,158.66382915126388,158.98309298676807,34992.956173533945,11992.956173533945
779,35.0,48.50657864499755,173.1661102358996,305.35559766580747,299.7977988581241,299.70003205167615,296.7701172373999,148.83430691107355,148.34389522064566,154.40926533512283,154.34626427571632,150.9149331162835,150.0079607752263,158.6648402721211,158.9643594722829,35003.69868877367,12003.698688773671
780,35.0,48.49596108552372,173.16518150049532,305.3465896116097,299.7913602206387,299.7085970350797,296.77445324953993,148.81997037126786,148.34953570040693,154.41911158671235,154.34482742610686,150.9061083109502,150.001071823187,158.6687932978742,158.96496542009928,35003.13523916882,12003.135239168816
781,35.0,48.491611945500054,173.16059693702138,305.35655632209836,299.79925488191753,299.7068957807281,296.77264442674783,148.823681909877,148.34024240484436,154.40655924364958,154.34884099246898,150.90334013880522,150.00587747757777,158.65977910169929,158.9728203975898,35007.241251917025,12007.241251917025
782,35.0,48.50574095835779,173.163190616852,305.3515831427079,299.8090658331458,299.7051668934874,296.7706210781713,148.82330976673578,148.35559413238425,154.41679458116025,154.34752807898596,150.91288196334284,150.00267052711158,158.66981674500306,158.973447771122,34991.94515989575,11991.945159895753
783,35.0,48.495631280563,173.1651376224467,305.3514716457579,299.79577739871974,299.71500692302436,296.773988985365,148.83892983400716,148.33763524766076,154.40823529565637,154.353217246393,150.90758110029478,149.99814608048877,158.66544974768925,158.97524426207457,34999.95553815651,11999.955538156506
784,35.0,48.50508642073913,173.16434186883149,305.34961713109107,299.80061080232116,299.706617954889,296.77109627062055,148.82571863416103,148.34565716786986,154.42355300017448,154.3517297599066,150.90638286601956,150.00165790285723,158.6531119063985,158.98300114118948,35001.62163859344,12001.62163859344
785,35.0,48.497421973757575,173.17489399543322,305.3597963918296,299.79676532993574,299.7074001404254,296.7735758898774,148.8211569245208,148.3452046492898,154.4053553430202,154.3614028344735,150.89738493149952,149.99891697781425,158.65838839888727,158.97857109514266,34994.8311408008,11994.831140800798
786,35.0,48.49635493380988,173.16955299032165,305.35160869266053,299.79546833612307,299.6998938510221,296.77436295858337,148.82856707350354,148.34863439729662,154.41089336889354,154.3441284643581,150.90644218859373,150.0013452063045,158.6702998986599,158.9672036082877,34993.38050812258,11993.380508122584
787,35.0,48.5076474571028,173.16010081741535,305.3477824711251,299.8079964865259,299.7102002133359,296.7882026542259,148.83389736363011,148.34285597925526,154.40719807208998,154.3527206899675,150.8974505064858,150.0047992418417,158.67107518373604,158.9760491082658,35007.19161672839,12007.191616728393
788,35.0,48.498817758274534,173.1605323661683,305.3519277351469,299.7965326227881,299.71141465073663,296.7723595537211,148.83000538446635,148.34120604991733,154.4092019941145,154.35067183053562,150.91435244427473,150.01516504495928,158.6675953105696,158.98329960903598,34991.17069844471,11991.170698444712
789,35.0,48.50894377412478,173.16675402548782,305.36495231271334,299.80895036505694,299.69986045983427,296.7695256454505,148.83710761679316,148.35182660575103,154.41484718340413,154.3564773611493,150.9029843830359,150.00013823203045,158.6681346151823,158.96713982395428,34999.41241807836,11999.412418078362
790,35.0,48.49004626087665,173.16427846095579,305.3576265784666,299.7917539955085,299.7136735018078,296.7718377686379,148.83039335055082,148.3550830545114,154.40529150529002,154.36112156279762,150.90448470328548,150.0088558277534,158.66811632416767,158.9837544996016,34992.316680026015,11992.316680026017
791,35.0,48.50133078158551,173.1644389659255,305.36364742447256,299.7924482642385,299.70954153328427,296.774601342228,148.82471619665174,148.33702525137096,154.41266010961172,154.36281923684922,150.90108944550346,150.01187747409622,158.65914486784422,158.98353155654152,34999.14117522663,11999.141175226627
792,35.0,48.49869004680748,173.17570900370654,305.36000907528336,299.80687122858694,299.7068979058118,296.77403973769196,148.8325131661575,148.3438414365816,154.4218912107759,154.3611860132539,150.8988236309328,150.00790785561014,158.66948878966167,158.98145725050367,35009.59924652684,12009.599246526846
793,35.0,48.49961996846158,173.16827421007446,305.355811932757,299.79211669990866,299.6993872036311,296.76909287416163,148.8204791852509,148.34166227978668,154.41836770988644,154.36107560224593,150.90903020702555,150.0086645959578,158.67160817930406,158.96995532588076,34998.47412706911,11998.47412706911
794,35.0,48.50222914552489,173.17157993535503,305.3501026612451,299.8047330883824,299.7066486021777,296.7825790454383,148.83557941987067,148.351719994264,154.4092922830919,154.36118955224043,150.90926536011636,150.01482313050354,158.65429345072366,158.9670861872624,35007.14249835009,12007.142498350091
795,35.0,48.5018949376267,173.1614126172223,305.35826673478334,299.8058110760575,299.71137811964394,296.7751757517429,148.82492002647746,148.34753686504862,154.41970385879884,154.3558794191837,150.9135764580952,150.01395954781322,158.65732668601763,158.9640830940712,34992.34631128366,11992.346311283663
796,35.0,48.506448246892894,173.17675490611913,305.353202580684,299.80755805462366,299.71364974446556,296.77750571347246,148.82103203099504,148.3460681568821,154.40923624668778,154.35757516839226,150.91175450258277,150.0121031487438,158.65325575674265,158.97636527914534,34995.425041535236,11995.425041535238
797,35.0,48.508853273305355,173.16043277893613,305.3500700312467,299.79412627728084,299.70110725108174,296.7745050141504,148.82206623379417,148.35430880611042,154.41004311127193,154.350425247384,150.90945033122688,150.00188538862074,158.6709347071225,158.97959620367945,34998.075854813345,11998.075854813347
798,35.0,48.49462637548679,173.16594847568373,305.3569369203664,299.7902774774626,299.7070812167501,296.7748025601676,148.82574308956882,148.33984019194796,154.40819791015917,154.3525594750732,150.90430781366257,150.00413376854104,158.66975667321378,158.9727382439584,34997.99624280019,11997.996242800187
799,35.0,48.503744463751175,173.1667747065768,305.3546530579773,299.80899792428283,299.7019163005186,296.7744535700157,148.81939273640975,148.3436982078092,154.41753262339907,154.35349147270298,150.904416081509,149.998831628019,158.66968351933778,158.96550309016035,35003.4276695734,12003.427669573402
800,35.0,48.50381921527369,173.1691783673073,305.3590402889802,299.80106458927537,299.7014268929554,296.788222451072,148.82561330556433,148.35364858921835,154.40462963320408,154.34755701286102,150.89871734741598,150.00840876000981,158.65613873262842,158.98123822877025,34996.89436254751,11996.89436254751
801,35.0,48.50870951656693,173.17448198361956,305.3461553477665,299.8028900461379,299.7085445571331,296.7722804789864,148.8252259147828,148.34132587256187,154.40550460940128,154.36348648164696,150.90188808444054,150.01114588382376,158.66558720922518,158.96401032644687,35004.2753373682,12004.2753373682
802,35.0,48.493140984328484,173.16235591937487,305.34898847954423,299.79618597654184,299.69837904204877,296.7705192420499,148.82359135576178,148.343059530594,154.4229263748813,154.3502137480202,150.91192763634342,150.0123828003276,158.6553004487875,158.96763025306348,35002.78373798451,12002.783737984508
803,35.0,48.50280458059534,173.1703489632209,305.3522921681233,299.8031975571664,299.7035556597179,296.78080740935667,148.83849176341047,148.3410557634969,154.41796374174464,154.34879423601188,150.9127072073346,150.0009903480024,158.6640112001116,158.9744020096739,34997.983222905095,11997.983222905095
804,35.0,48.49858729029253,173.16069357981178,305.353408409567,299.79575671784295,299.70649382783995,296.7818483694268,148.83693668563407,148.34028476911635,154.42249887407462,154.36236630448894,150.91448525902368,150.01127162586,158.66070314789084,158.97521591215747,34998.63520255309,11998.635202553087
805,35.0,48.49157249505298,173.164812812435,305.3536543640915,299.8092822152671,299.70259576605304,296.7822494091128,148.82330588750628,148.3451655879312,154.42385310177647,154.35721747665391,150.89940014449553,150.01483230168978,158.6573498720422,158.98392046246775,35002.29055399621,12002.290553996207
806,35.0,48.50038585289611,173.17124481012132,305.3626111871384,299.7962059538949,299.70688580280876,296.7719677030368,148.82564992592262,148.34409399146818,154.41978703340456,154.34917611155615,150.91171048589828,150.00125665995853,158.6644350097849,158.98038384533675,34991.40084380289,11991.400843802892
807,35.0,48.50426218676003,173.16359098855233,305.3577564971877,299.80248621402455,299.6976926359282,296.7764999964976,148.83717254074077,148.34274349563702,154.41904667516488,154.3501416747938,150.90490666046,150.0133019813685,158.66175188721888,158.97044820942205,35006.44813476712,12006.448134767114
808,35.0,48.50628826300171,173.17498233842872,305.3572190077178,299.80633832455885,299.71517159362566,296.7714629952465,148.8212135564954,148.34898250667584,154.40615206156326,154.35489616838882,150.90654932826354,150.00453310874997,158.65575028756416,158.97783433311585,35003.06842322227,12003.068423222272
809,35.0,48.49453761813063,173.16635962740006,305.36434303942394,299.80108429515144,299.70240885009196,296.7881066142599,148.82677837066447,148.35091602259328,154.4235272799123,154.35145821417888,150.91263168236463,150.01550078236093,158.66994660994374,158.97061601037709,35004.526849288355,12004.526849288357
810,35.0,48.50682824273024,173.16353982585457,305.36286525877085,299.80380661130073,299.70330003891644,296.7878555241236,148.82559544802984,148.3496159626908,154.40964919699843,154.35736167263772,150.89604571757837,150.00125760472625,158.65585990381433,158.9785644477658,35000.73846002165,12000.738460021648
811,35.0,48.50720120813791,173.16418006095896,305.35456836802825,299.79611624679217,299.699642808551,296.78179859763145,148.82183868110351,148.35287569655137,154.41917185528192,154.3589492408595,150.90700721213585,149.99859543773647,158.6534805175146,158.96912174285762,34992.20954221983,11992.209542219834
812,35.0,48.49461012571765,173.16710850060718,305.35075211999276,299.802695744042,299.7121881808177,296.7699086208914,148.82995130068676,148.35030993453339,154.40969606133666,154.34513015533773,150.91035321373138,150.00768633100952,158.654052113791,158.9780565110095,34998.100712265936,11998.10071226594
813,35.0,48.49149727747248,173.16230425706195,305.3634832228003,299.7998150952212,299.70156085564173,296.7873464895104,148.8342706904288,148.3414403431135,154.40477076797683,154.3597807741898,150.89652953305762,150.0042567022802,158.6578018624104,158.98026216801273,34998.10747165697,11998.107471656971
814,35.0,48.49874658495204,173.1681481149223,305.3633826814479,299.8083222122756,299.71083154758577,296.7770163632058,148.8215788200075,148.34272180184124,154.4148787311402,154.35109559083506,150.9031728393645,150.00368067745478,158.66483730641338,158.97160476127294,34996.42085980086,11996.420859800864
815,35.0,48.49310630119226,173.16460147732963,305.3518847994216,299.7919906719475,299.715393990816,296.7750286786352,148.83535565729625,148.3424472238604,154.41661992185666,154.35088053943508,150.90221169702332,150.00654218917666,158.66762190586573,158.97578099694624,34990.599006498094,11990.599006498094
816,35.0,48.49054044355116,173.17502930670912,305.3513020296377,299.8032716971997,299.70868070670036,296.78862900624614,148.83355272943064,148.33922488826886,154.40666347294274,154.3472264593978,150.91313209047297,150.00160178465387,158.65578538535212,158.98292152562587,35004.74508485193,12004.74508485193
817,35.0,48.49729070937807,173.17184667866962,305.3596735668281,299.7926336712748,299.70603315403287,296.7886659223323,148.8273193951172,148.35499910620868,154.41975865382196,154.3564521715838,150.91067546007983,150.0057611920646,158.66219350376093,158.96789618595582,34992.19568916125,11992.19568916125
818,35.0,48.503030896910055,173.16051325807373,305.34623827144094,299.80154206715036,299.71468654105894,296.7815913317308,148.83006028273135,148.33603841427953,154.41685713343844,154.36324856936793,150.901868195093,150.0094980417033,158.6549351126839,158.9749206168756,35002.126162660905,12002.126162660901
819,35.0,48.506354781393306,173.16937543933776,305.35494710445374,299.79346545827815,299.7018314566831,296.7795733232543,148.83623913287093,148.3392692259232,154.42163390091312,154.35110517385618,150.90629107997688,150.01201052806513,158.67164165753857,158.9740683542331,35004.064349929344,12004.064349929344
820,35.0,48.49120668749983,173.16223302739388,305.3524042973168,299.7947095425398,299.6971066300419,296.77198193584485,148.8270611943265,148.35589213303723,154.41036552727766,154.3453943833037,150.91073819509162,150.01187210828505,158.65413304069915,158.97508681980136,35002.695726458674,12002.695726458674
821,35.0,48.49032168918192,173.17299282596295,305.3518453592191,299.8072229449225,299.7119081304236,296.77390898741373,148.83463755972943,148.35581759339632,154.41273880196206,154.35755737787338,150.89868020371406,150.0013611637828,158.65670066957438,158.96643646558994,35009.18284503956,12009.182845039559
822,35.0,48.50274171259618,173.16760032568257,305.36363843330406,299.80696964400187,299.703404733064,296.78861856982434,148.83105172765022,148.3544540476473,154.40632905461558,154.36203431579798,150.91289198502855,150.00431582958439,158.66716514256385,158.96524693079834,34992.065963101704,11992.065963101702
823,35.0,48.49245745319985,173.17581375574045,305.35149494269865,299.795335935991,299.7047708512808,296.7777333484269,148.82866080730537,148.35158414610078,154.40765221186757,154.35311670252506,150.90130255762858,150.0167913742126,158.66553629336687,158.97131274643496,35007.3433431821,12007.343343182103
824,35.0,48.4951048674758,173.16087573877235,305.3539248999055,299.8020514759613,299.71434151798104,296.7799627899104,148.81982071947309,148.3427342252498,154.41175211062406,154.34527100441127,150.9004649630892,150.0042115427549,158.66460564376925,158.96756365241467,34990.58380469698,11990.583804696978
825,35.0,48.50410213298373,173.16038558495617,305.36296969072765,299.8084164486967,299.71351663505914,296.77307665436166,148.83299122036505,148.34536839967836,154.41488758881147,154.35660502157032,150.89871252734108,150.012642799135,158.66366281321882,158.9664885710423,35000.69833709854,12000.698337098542
826,35.0,48.49655135115141,173.16034975798306,305.35195654986467,299.80660387674374,299.71215717070965,296.77332352841876,148.82171625558678,148.34050149285258,154.41017720864153,154.36353681017658,150.91402009408506,150.00868631313148,158.66357804262233,158.9649011329368,34998.084872358784,11998.084872358786
827,35.0,48.50111797710429,173.17493091034123,305.3469032257957,299.79816509672384,299.71500933109604,296.782468936548,148.82495483668484,148.33704954955442,154.4162588654778,154.34775816399465,150.90741648920877,149.99786497480525,158.6594295227207,158.9695753802963,35000.48367720788,12000.483677207874
828,35.0,48.50157437545837,173.17190395363934,305.3506333099214,299.79859918204517,299.69792766297525,296.77462679831683,148.82955864898292,148.3376508546812,154.41375816819865,154.34822999030663,150.91428893903094,149.99812944955184,158.660883570314,158.97174606352394,34997.3019975412,11997.3019975412
829,35.0,48.50819981803922,173.159830626227,305.35880201449913,299.80906270781395,299.708177666613,296.7820754236195,148.8201438097393,148.34151363079044,154.41226142550232,154.35830866818588,150.91482689158963,150.01624321695917,158.66585276440236,158.9719195749612,34993.8113382988,11993.811338298801
830,35.0,48.49708723903831,173.1770954994075,305.35263207451476,299.79859745305185,299.7038532927693,296.7693965993664,148.82801664822938,148.3513074357592,154.4070432299027,154.34970850992562,150.9077670756713,149.99969677486004,158.65761665037724,158.96555095140366,34990.382457948974,11990.382457948974
831,35.0,48.496936282766534,173.16863969227035,305.3599105773578,299.7967150313905,299.6978884064794,296.77515793127515,148.83461140069625,148.34883103609494,154.4182548077111,154.3552625926698,150.91369118136927,150.01314877741686,158.65231355404146,158.9679544893785,35000.36299627582,12000.362996275824
832,35.0,48.505304956537465,173.16747670073858,305.35032414323143,299.79396839647467,299.71105459712436,296.77486517978707,148.83451160313496,148.3419078866336,154.40418747312833,154.3544877259371,150.9125104347529,150.00831021790128,158.67002075430585,158.97379276078982,35006.855537253694,12006.855537253698
833,35.0,48.49374811698515,173.16804525843412,305.3644356744223,299.8062627999134,299.70176168846535,296.77683261237763,148.82375757995413,148.34875647467697,154.42293660565352,154.3550926991915,150.9115704759432,150.0152283065335,158.67130943892943,158.98055014897926,34997.46431911489,11997.464319114895
834,35.0,48.50613454758018,173.1731243482082,305.3500177605684,299.80691209939516,299.7134667671909,296.7693123178085,148.83567364832305,148.34389616863052,154.4157915902102,154.35910133616022,150.91427942808093,150.01623057350184,158.65960568193114,158.96536889083058,34994.4572763603,11994.4572763603
835,35.0,48.5019171016756,173.17623329437984,305.35678817996654,299.80977829560777,299.7094168898597,296.7693314240827,148.8220886976086,148.3473653003223,154.4044947683855,154.34816486883852,150.91481773052203,150.0064905399966,158.65941554043292,158.97662515593296,34991.61064006943,11991.610640069437
836,35.0,48.494186843254006,173.174360704539,305.3455654805051,299.7968720323433,299.7123279589872,296.78167039413563,148.8292006437244,148.3508070720797,154.40404165648258,154.3469441708133,150.91108491689425,150.01680374886212,158.66783482529397,158.97649086568126,34991.70621846237,11991.706218462374
837,35.0,48.5021358046512,173.15933412561012,305.36371275041773,299.8025169769384,299.7030175997602,296.7877024181355,148.82357245943058,148.34266815192746,154.4115228152604,154.35242949139644,150.90617250402846,150.0000440993477,158.6676777614387,158.98306069250484,34994.427928925856,11994.427928925856
838,35.0,48.49588765440634,173.16710471701992,305.3545872863114,299.8055496090718,299.7078729712075,296.7845946615081,148.82831154808522,148.33667734721578,154.41218581448575,154.35699105463996,150.906614430118,150.01675130576393,158.65281024303405,158.9769738362683,34992.00028121843,11992.00028121843
839,35.0,48.49417402238931,173.16494309772662,305.3556482750721,299.80358237094947,299.7061486806244,296.781403105772,148.83569250793184,148.34452776605258,154.42064261411943,154.3484720751246,150.90869261639764,149.9971817390381,158.6581584281189,158.98267990106007,34995.30079396729,11995.30079396729
840,35.0,48.50001418384081,173.17050219211998,305.35951077323875,299.8024518244819,299.7146268357316,296.7743009899975,148.82476625811722,148.3490135110567,154.410555535549,154.344340505635,150.9047588630081,149.99724615572293,158.66296171307653,158.98250933661532,34991.32298924234,11991.322989242339
841,35.0,48.49848286152759,173.15951673875944,305.3527636487237,299.80819631577657,299.6991264963324,296.7836612262288,148.82022183135723,148.35322682117757,154.42161861377105,154.35743382154564,150.91357423940568,150.01254429219173,158.67010032092884,158.9644172015279,34991.3120973442,11991.312097344198
842,35.0,48.49621311216278,173.17240386850673,305.34909046683185,299.7910633340822,299.6986008245014,296.7784856504225,148.82845138948375,148.3509019845106,154.40915068312205,154.3619673454321,150.9145276254714,150.01632172587887,158.6677378701137,158.9719889504813,35007.125523592455,12007.125523592456
843,35.0,48.49350689683414,173.16228109629748,305.3546920684295,299.80566004068487,299.69849871796174,296.7783167177796,148.83644881583658,148.33745647133327,154.41206892609037,154.36123048169964,150.91513471009085,150.0003190913946,158.67055760408942,158.97031786833713,34993.24240521418,11993.242405214176
844,35.0,48.50321355150069,173.16603881490326,305.3534058201223,299.80915135417393,299.7059705341651,296.77997736430325,148.83057727268832,148.35148498081443,154.41798465559103,154.3483529278031,150.91351767616547,150.00024148926838,158.66844937313758,158.98318553780283,35001.19364811647,12001.193648116468
845,35.0,48.495548495322815,173.16332846941813,305.35708771070273,299.8019138277698,299.7059406941407,296.7852853267206,148.83524334945025,148.35389200134952,154.41894591156867,154.3537013850826,150.90636431380244,150.01310393523366,158.67143897136808,158.9822631505083,35005.46911088898,12005.46911088898
846,35.0,48.505276588091995,173.17528743026745,305.36331119675356,299.79949712659396,299.70114289904313,296.7748469946589,148.83071048640713,148.3455588151748,154.41963111681125,154.3447296324697,150.9078427192845,150.00748008014372,158.658331027451,158.98109976739332,34999.12819130678,11999.128191306781
847,35.0,48.50935635256772,173.17791095215145,305.3486824075279,299.7911606647902,299.7067067120917,296.77155642352557,148.83782796144277,148.34469106885783,154.41035908489317,154.35428979027142,150.91483357411676,149.99815097080958,158.66187132042685,158.96569064374987,34993.067377557185,11993.067377557187
848,35.0,48.50894346932177,173.16105192448367,305.35493195644744,299.8079397505954,299.69859691125737,296.7731592212612,148.83244421232786,148.3506241109653,154.4169148338133,154.34521702225646,150.91120810693894,149.99984497590398,158.66077901033788,158.9648346207064,34993.991922842404,11993.991922842402
849,35.0,48.4945349647948,173.16643713807485,305.34980502456483,299.79521075262846,299.7095166472918,296.77946479490817,148.8221660257187,148.35322543485302,154.40446609394724,154.35446472512058,150.90605898953092,150.01182075711498,158.6589528733088,158.96890180059688,34998.659684125625,11998.659684125623
850,35.0,48.50180582207611,173.1765885743575,305.3543414719324,299.806377681502,299.70430156821715,296.77590898934113,148.83426599777587,148.35546803703238,154.4072769858203,154.34851901099597,150.9153858721824,149.9992046308074,158.66187262365924,158.9835019987814,35000.56468178357,12000.564681783571
851,35.0,48.50567497056483,173.17735398413615,305.3598008369227,299.80753143946674,299.7167083089464,296.77109714592046,148.83298466787926,148.34111341217152,154.40617706377105,154.3546707157758,150.90704832442967,150.0112282910028,158.6716685807858,158.97593000846265,34996.98880584097,11996.98880584097
852,35.0,48.49017735689214,173.17033567027997,305.34975009386824,299.8044694174824,299.6976372096248,296.77739462812184,148.82840649834478,148.35269119768668,154.41966676708964,154.3467794853326,150.90797696949946,150.01695526250106,158.6534492127086,158.98085789003784,35005.62959200469,12005.629592004694
853,35.0,48.5032054111529,173.16254117966196,305.34806683423443,299.7946593889032,299.7091710879958,296.7791826127396,148.83695371912435,148.35481785379446,154.41273586914173,154.34999164336077,150.9049495568202,150.0086120823758,158.6564013238632,158.97315962623077,35005.02043297713,12005.020432977128
854,35.0,48.49683269251332,173.17368077823147,305.36163715614873,299.79502298561084,299.69839759424906,296.7706479618473,148.82830538972203,148.35245993188073,154.42028208432933,154.35039724303633,150.89663534182895,150.01051175214212,158.6527738198061,158.96508446438614,35008.54423614746,12008.544236147462
855,35.0,48.4927460557234,173.16832517150408,305.35927874117493,299.8073199904726,299.6979412791603,296.78496607203977,148.82229802567562,148.34501769462594,154.42366449654105,154.35412171412716,150.9151829048274,149.99842752348238,158.66602353632223,158.97760604442877,34990.57905098054,11990.57905098054
856,35.0,48.49043318554494,173.1643106797408,305.3517118731476,299.799922128024,299.70723815459826,296.76959228907674,148.83744654577143,148.34035537868812,154.41768793879967,154.35875948372157,150.90034188191635,150.01660866350022,158.66675476956314,158.983792525684,35007.9138258242,12007.913825824204
857,35.0,48.500787019913325,173.1640710008427,305.3531484115472,299.80495620070263,299.70795662496704,296.7883179612992,148.8312304157981,148.34253789190484,154.4106385211428,154.36317220118494,150.90055145102525,149.99879731453473,158.66054331129664,158.97955359618305,34997.85137576924,11997.851375769244
858,35.0,48.492975713029324,173.1698806434751,305.36143679310544,299.80250285014773,299.7025667932738,296.77141125518676,148.83522886195814,148.34800750518565,154.42178865421099,154.35490180868254,150.9129748371649,150.016502629023,158.65600130349773,158.96516505909486,35007.5674499076,12007.5674499076
859,35.0,48.503995285487306,173.15833373769166,305.35488521014224,299.7983234055848,299.6994062214671,296.7760228973574,148.8301660553923,148.33664385755705,154.41016103649042,154.35633985012004,150.90352927836776,150.00889010270305,158.66989395361844,158.97072042141127,35003.81569552313,12003.81569552313
860,35.0,48.49442688738718,173.17190920167172,305.3471758977614,299.7933497053134,299.7097384910692,296.7840437145275,148.82052080162484,148.35146157230156,154.41405657129198,154.3593338114775,150.91292618272018,150.0152025809088,158.6523483572867,158.97193447180356,35009.74697514148,12009.74697514148
861,35.0,48.498699653624485,173.1631196512402,305.34669896992364,299.8003803465872,299.7127195632153,296.7743494633011,148.83569707235972,148.35264182871788,154.40645141041713,154.35597453014537,150.8970358256983,150.00184014674718,158.65377167793721,158.98297193593856,35005.185649034334,12005.185649034333
862,35.0,48.50280722006054,173.17776743861157,305.34546350585043,299.80687808701435,299.71603935782286,296.77634810065956,148.83661678262163,148.3433092584905,154.41930449483175,154.34911152699752,150.91455324598783,150.00679618233406,158.66262220687724,158.96611672045833,34997.29089251994,11997.290892519935
863,35.0,48.49950361601762,173.16974789744373,305.36029657404686,299.795622475137,299.7052435603342,296.77178980885714,148.83641763707408,148.35531213235012,154.41532345480874,154.34696596986703,150.90848842487847,150.01491849600075,158.6521608374187,158.97644004971576,35000.02126345669,12000.021263456694
864,35.0,48.50546520296668,173.16781025835522,305.36094686669276,299.8020921828199,299.7023864218249,296.7706867871423,148.83205441640078,148.34096993036417,154.41462520466868,154.36082011398636,150.90261836808088,149.9977905578592,158.66080997237134,158.98073979823226,34997.527783103884,11997.527783103887
865,35.0,48.50689623709197,173.16973449148577,305.3614467342888,299.8040290904926,299.70533913969905,296.77993920158383,148.81906438658592,148.34003361678867,154.41259449898934,154.34892604820217,150.9159258247392,150.00849077370546,158.66730501724481,158.96467697952795,34997.298236720424,11997.298236720424
866,35.0,48.49611173270478,173.1739615069111,305.35755062879286,299.7924649395763,299.71688654034455,296.78476427103726,148.82183919932555,148.34892243620365,154.40440109609136,154.3451673912186,150.90958723611485,150.0131937218888,158.65634194168314,158.96628162963702,34995.21808998762,11995.218089987622
867,35.0,48.498892191468066,173.16779213225206,305.3496744829039,299.80704598188123,299.7139732014478,296.77934027042073,148.83152360206626,148.34231917479877,154.42199079273257,154.34671687923566,150.90662673284695,150.00135180212726,158.65815281457287,158.97690569080876,34999.91940590747,11999.919405907469
868,35.0,48.50947759515527,173.1738147382844,305.3641800842292,299.7981898398407,299.7033375074122,296.78095628989615,148.82436780982823,148.34608367187545,154.42098163341848,154.35033615632346,150.9107270071316,150.00346903400398,158.65763794306957,158.97988207248895,35003.63479890139,12003.634798901387
869,35.0,48.49652757553453,173.1723926315033,305.36161056564606,299.7909144090503,299.70963161592124,296.78656696688086,148.82642231321526,148.34477116689996,154.40806792831208,154.34950557955113,150.9085642563489,150.00758519518124,158.66492527496538,158.9718674122435,34995.54680542611,11995.546805426105
870,35.0,48.509459711474854,173.16761723608053,305.35939498828265,299.7925021652551,299.7028371424052,296.77659779104755,148.82629802688814,148.3502387674485,154.41790263084283,154.35033345886174,150.89670273447663,150.01400027840398,158.65682873280403,158.97317164732078,35000.487596221545,12000.487596221545
871,35.0,48.50115102634026,173.159284786044,305.35042588251923,299.79307411800715,299.70812828551567,296.7771060338903,148.8242911604801,148.3367625243521,154.42275526169928,154.3504747188046,150.9023357147465,150.0096269436692,158.65988666023546,158.97848364270007,34992.34760588341,11992.347605883411
872,35.0,48.504957913901954,173.16566477826692,305.36369253540755,299.8039681843124,299.7115505376087,296.7823188043544,148.8279642913075,148.33863569175344,154.40737874317497,154.35291436697108,150.90261441299268,150.0144122045115,158.66074789091306,158.97501189778305,34993.19690573708,11993.196905737084
873,35.0,48.50191539352944,173.1643952667155,305.35949739132275,299.8098476941739,299.7022584957775,296.78522547978264,148.83076107672755,148.34712103738468,154.42020560658906,154.34545144187805,150.90214131926774,149.99832297351426,158.65984469357915,158.97337387303583,34990.936127094246,11990.936127094245
874,35.0,48.491529344871864,173.16775245713137,305.3463225310413,299.7900997841961,299.71631330560047,296.77088970653847,148.8359420961801,148.33902217878605,154.41493803783945,154.36275115083137,150.91402339478145,149.9978594006532,158.66235239424054,158.96948772869203,35009.41462885541,12009.414628855413
875,35.0,48.50155145450953,173.1747392155476,305.3602708330209,299.79775252139456,299.70335114414314,296.7883650761189,148.833460622065,148.3404725805998,154.42196459799953,154.35597052689914,150.90758721645076,150.00206749011977,158.66709278816302,158.96698189106823,34990.077207030205,11990.077207030205
876,35.0,48.49258789053175,173.17087602608152,305.3512731498681,299.8067559401622,299.70507736093987,296.7831691604893,148.83393109961972,148.35036791682714,154.41529527896344,154.3533704059534,150.9021107371808,149.9996424152982,158.6626859971254,158.97963147235492,34993.57159936115,11993.571599361154
877,35.0,48.49407957276312,173.16503301559126,305.3552310990104,299.79403199661937,299.70036186038607,296.771205248571,148.82983958764282,148.34416373485763,154.41443280289297,154.356071026324,150.9103285971049,150.01083902234524,158.66420648092176,158.97740507872155,35002.25733506234,12002.25733506234
878,35.0,48.49898022189054,173.16344687306454,305.3516583573119,299.79889641501563,299.70024468435633,296.77951405124344,148.81971816917473,148.34429053341242,154.40984810131835,154.34926753392267,150.90461217458957,149.99872374914685,158.653337736634,158.97560247280956,34991.62739197707,11991.627391977067
879,35.0,48.4969279685651,173.16820893785314,305.3479651869195,299.8017592878573,299.71562619753615,296.7862112873496,148.83195981694666,148.3412775088862,154.40567436955743,154.34887909984568,150.89627317814433,149.999844063113,158.6632558317337,158.97804235423854,35007.63793006194,12007.637930061937
880,35.0,48.492876419768166,173.1779211197727,305.3514176445403,299.7951008850768,299.70075134939975,296.77641773454434,148.83484553377343,148.3438911168675,154.413739738358,154.3591766985186,150.89676678321263,150.01587958758205,158.65444947135694,158.97720261050958,35004.392403156846,12004.392403156846
881,35.0,48.509029237533234,173.17150662925468,305.34837492963067,299.8051698405716,299.7016320772942,296.7756142681743,148.83197339192407,148.35089387499312,154.40626142726884,154.34636581767305,150.90853396607807,149.99972322865742,158.65853559115303,158.97986849252345,35009.32779942876,12009.327799428758
882,35.0,48.49594965166446,173.16916019087478,305.34587806718145,299.7907703010918,299.71247874335836,296.7768081091356,148.8332235142036,148.35540460714793,154.41407220467383,154.34667536700024,150.9068799810992,150.0100695088384,158.67111750682443,158.96962198899362,35000.152710944814,12000.152710944816
883,35.0,48.50609856821805,173.1708361252486,305.3562745666369,299.80035117960807,299.7098658787283,296.7818131826393,148.82577970435952,148.3505228827253,154.41083191716007,154.34464683776392,150.91170191207178,150.0003159515283,158.66856809985623,158.96528223143645,34996.00807366317,11996.00807366317
884,35.0,48.492465717593966,173.17765471567827,305.3575221692671,299.79521666518673,299.7149618404041,296.77504022989046,148.82775807126725,148.34670355309856,154.4233021373391,154.3468556583968,150.8964669003126,150.0010072508024,158.66567325828365,158.97049294343824,35000.990011455906,12000.990011455906
885,35.0,48.50036755265641,173.1598077976771,305.35980873723526,299.7936425299054,299.69710354416935,296.7857886386873,148.81901675251788,148.34248573102886,154.41706668257987,154.35176640642985,150.89870458542308,150.00929388279678,158.6522789856388,158.98261719927882,35008.61637434596,12008.61637434596
886,35.0,48.490441911175864,173.16120668664522,305.3488202590776,299.7905817211553,299.70462656580236,296.7695693182671,148.83726483272252,148.34797235178334,154.41547981806463,154.34741684253677,150.90159308101298,150.00518255972287,158.66510728516155,158.98105726620895,35000.41522874484,12000.415228744838
887,35.0,48.508939413489294,173.1617509654151,305.35187231597894,299.7991669880555,299.7163810522,296.7713909394134,148.825852962637,148.34272074897407,154.40509340653182,154.35262374102888,150.91128830199696,149.99914030715397,158.66268145072922,158.98017110140006,34995.344140637244,11995.344140637246
888,35.0,48.50904598250411,173.16538029681416,305.3538906733691,299.79459978020304,299.71123409522,296.7738504782162,148.82363361865063,148.34243017773244,154.41268690351797,154.3443086363929,150.8965490428774,150.00487231532585,158.65774594410345,158.98007294734188,35007.547975783484,12007.547975783482
889,35.0,48.49205536340945,173.16093428548632,305.34941585764267,299.7930048453649,299.7106107224303,296.78651138118585,148.83187904057004,148.35592823173968,154.40801144781403,154.34690253424415,150.90004068143563,150.00915051026575,158.6602176733999,158.97717354315847,34997.43837497025,11997.438374970248
890,35.0,48.50962761956107,173.1771996775324,305.36034718336157,299.792975649979,299.6998443947779,296.7868700386023,148.83489062075446,148.35216682498915,154.41044210792273,154.3638702699779,150.90764050384035,150.0009670716725,158.65699374145137,158.96760224490274,34990.02766699998,11990.02766699998
891,35.0,48.50257500452793,173.17652537709043,305.3634902286843,299.8008399949996,299.713521307599,296.77130504500104,148.81952115595763,148.3488286947964,154.40799489375743,154.35453955014987,150.89784799948703,150.0002607021124,158.66436066115796,158.97353577984595,34994.95370044985,11994.953700449847
892,35.0,48.50849368909996,173.16093574257746,305.3636088019886,299.79623848617047,299.6994643405038,296.77699113725527,148.82804768795978,148.34159470549866,154.41394927477373,154.35471376418514,150.91440634635168,150.00904267785134,158.65961623785878,158.98151793728357,34996.36467018354,11996.36467018354
893,35.0,48.50958890925958,173.16161537319934,305.34534786842863,299.79501787222205,299.7064072476931,296.7743760197208,148.81918016725237,148.350494725753,154.4055115585091,154.34968254526336,150.9117104351413,150.00932715188787,158.65602081274537,158.9700135113174,35007.17554936464,12007.175549364638
894,35.0,48.506741574059255,173.16649270303085,305.35576421210664,299.8080019508074,299.70136654053954,296.7873770342787,148.8214379837784,148.34728330533014,154.41053112661024,154.34955300068486,150.90810464622612,150.0005659194038,158.65637780169615,158.98072257366852,34999.17006334133,11999.17006334133
895,35.0,48.497289264385984,173.16322460240355,305.36287420407274,299.80525161231674,299.7004938606231,296.77425362880655,148.82946433835085,148.34580768395062,154.42185299251946,154.35881980089292,150.91108431359473,150.00736022196412,158.65472196567916,158.97583609468066,34998.89174575623,11998.891745756226
896,35.0,48.49204887602158,173.16462644619372,305.35718171332917,299.797346250119,299.7109429408967,296.7887229039496,148.83175470329493,148.3454349585024,154.41484796508692,154.36362359188365,150.8977939207944,150.01251399941174,158.65912405742978,158.97072511375674,34996.722045327995,11996.722045327997
897,35.0,48.50874154012462,173.1765143606363,305.35078105489526,299.80862529017577,299.69857643967276,296.7790980033702,148.83371682942408,148.3442728084903,154.42142872378528,154.3544815172039,150.90451281640372,150.00467971141765,158.66256510694086,158.97289910720968,35007.613562460945,12007.613562460941
898,35.0,48.492954440786384,173.17525909379378,305.36287714380194,299.7989902170626,299.71670162502056,296.7805482186427,148.83653314542119,148.35079500729287,154.40830892836829,154.3449860932867,150.90759084720156,150.00762591296007,158.67192746148262,158.96875054952838,35008.90053553881,12008.900535538807
899,35.0,48.49807329736433,173.1775780344148,305.35020731236426,299.80034441263354,299.69955221988056,296.78111382529414,148.82566385064507,148.3543059349169,154.4198757265602,154.34707139905052,150.89667526205145,150.0135577556994,158.67172529095484,158.97287557015989,35009.83780658309,12009.837806583093
900,35.0,48.506671558238494,173.17672793527646,305.3561924421706,299.8034013318871,299.71014425139936,296.78523699796966,148.83795363399295,148.34413956624334,154.41392455650353,154.35039613210841,150.91408335276336,149.9972580966084,158.65708288676277,158.9681817279303,34997.53482533922,11997.53482533922
901,35.0,48.499761561871445,173.1705289586085,305.35582835203274,299.8041034583715,299.7104836074525,296.7800776186652,148.82827193522994,148.33719310163556,154.42156780079193,154.35390118538345,150.9015642842229,150.00200905497397,158.65258593188412,158.9768536895004,35009.322948912544,12009.322948912544
902,35.0,48.49115254472076,173.17103158941424,305.34831278202404,299.79708637677317,299.6979540951715,296.78525503589185,148.82774477584437,148.33976663543095,154.41902178258394,154.34599346790574,150.91273920841206,150.01348310286664,158.65578295471812,158.97261280746517,35005.83759139262,12005.837591392617
903,35.0,48.492760668598045,173.17324574188356,305.35787571245044,299.79268038899966,299.70504423605774,296.7704929845972,148.83296103779264,148.3557903677458,154.42125001324118,154.34776465096013,150.91378823869965,150.00834423553917,158.65209827852584,158.98117567689732,35003.51378295288,12003.513782952885
904,35.0,48.49347618972629,173.17598652849384,305.34788312471466,299.7934847344839,299.70432941816796,296.77432755096885,148.83245816725423,148.3382796614012,154.40864296356725,154.35221634628022,150.8965837258957,150.00973040154304,158.66442068107332,158.96511218460998,34994.8977895884,11994.897789588402
905,35.0,48.49565509062401,173.16298264986267,305.34662700591423,299.8069496614576,299.7103982332818,296.77982055600756,148.82706782247035,148.3472920562046,154.42125771507358,154.35934489287774,150.9060421150018,150.0031998367039,158.66689717841163,158.9690262686804,34994.329145218886,11994.329145218884
906,35.0,48.50938073551644,173.1714272819162,305.35058623307043,299.79198936581133,299.7023097505622,296.78595611663496,148.82951131573384,148.3435463959044,154.40541738035967,154.35869867049234,150.90274456377344,150.0157014175823,158.67120866550295,158.9694497128122,34993.320956490425,11993.320956490425
907,35.0,48.49681741557228,173.17147829794308,305.35647793328656,299.79181930172086,299.71128467163516,296.7837547869891,148.81960211270962,148.34069168122267,154.41197400714216,154.36203534562273,150.9148364599039,150.01252787641846,158.6562109787955,158.96536786523623,35008.45513220451,12008.455132204508
908,35.0,48.4974513405786,173.16484423457362,305.3507057308139,299.8085400414513,299.7108680733169,296.7812529076731,148.82872934845773,148.3495786691286,154.41443964263763,154.34643860928833,150.9086186172161,150.00621581997655,158.66834470526584,158.968681898033,34995.881533247666,11995.881533247662
909,35.0,48.49060093225848,173.1710196859416,305.36323852675963,299.8099938554035,299.7058733522763,296.7773117187692,148.82374665414915,148.35236501105294,154.42014489351644,154.35642838275402,150.89874781170244,150.0034507871571,158.65206527386925,158.97419825488856,34999.06188490898,11999.061884908977
910,35.0,48.4995468921984,173.16249553971076,305.36487021774246,299.7915510523032,299.7146134390156,296.78249899099376,148.83543035980315,148.33858697221092,154.41882482378418,154.35372212845465,150.91089323817044,150.01614293344466,158.65241424753188,158.97126431472805,34999.879156679744,11999.879156679744
911,35.0,48.49143601693396,173.16626958427707,305.34688058452616,299.79113272766295,299.7000114927495,296.78384665936323,148.81951163633389,148.35589584422976,154.40527519340773,154.34408112298763,150.9018126466059,150.00158919791815,158.66530057606286,158.97995754556754,35005.563431909,12005.563431909006
912,35.0,48.5010464000308,173.16143438922586,305.34801143492314,299.7948300650403,299.7124814217257,296.77479053095624,148.82956200838282,148.35418262829685,154.40434877516986,154.34514890737827,150.905318895091,150.01537698731875,158.65725601815873,158.980650384043,35006.88469923106,12006.884699231061
913,35.0,48.50023278510676,173.16523565349678,305.3602700207193,299.7988389422889,299.7074337335592,296.7867405925894,148.82805115570122,148.3515040962492,154.412457088636,154.3518497195871,150.9062205328039,150.010616758446,158.67009091522135,158.97049706874608,34992.781454022974,11992.781454022972
914,35.0,48.500702232492465,173.1649834813951,305.35389714792086,299.8050358185915,299.7016030635754,296.78139762376424,148.83463191202847,148.3433047863954,154.4105854922994,154.3579876432223,150.91362008489412,150.005735851448,158.65656491448104,158.96703654490761,34998.53808720422,11998.53808720422
915,35.0,48.49829117711679,173.1769766336883,305.360686050586,299.7908560526877,299.7003999197035,296.78124898961727,148.8372821255704,148.35314252946048,154.4052643270184,154.3548065215906,150.8975299296692,150.00226881825375,158.6641240168395,158.97203504385382,35006.85709775671,12006.857097756709
916,35.0,48.50246933162173,173.17071684017176,305.35694461590964,299.7967105625994,299.7124302492845,296.7875578302628,148.8204649407019,148.35180427612778,154.41300558331255,154.34419129345966,150.91566207627952,150.01583322205823,158.66894547686525,158.96826767527392,35006.36066611511,12006.360666115117
917,35.0,48.50308848333409,173.1746543210162,305.3528654073152,299.80595533255416,299.69796188398374,296.7762658808868,148.8293512032027,148.35201352384829,154.40460284361168,154.34785654714594,150.89760453048595,150.01571322944142,158.65733535448797,158.9730152450304,34992.04827516905,11992.048275169049
918,35.0,48.501003718851216,173.17378760660213,305.3472082798155,299.8055846621176,299.70265105381736,296.77922225280213,148.82847714373727,148.33723401059734,154.40471409906237,154.35894182796974,150.91563804213763,150.00959923586038,158.67111519741306,158.96691283412576,34993.12766697736,11993.12766697736
919,35.0,48.50254835339446,173.16190289179477,305.35860141709315,299.79899845705904,299.69768403001734,296.7886943514689,148.82832520357772,148.3460108383368,154.41058527379798,154.35489727131662,150.90851913568568,150.0129887962915,158.65327352374035,158.98116200676523,34996.083973831985,11996.083973831988
920,35.0,48.50968556609841,173.17236902134877,305.3634131390619,299.7915838738628,299.7107897215859,296.77806035781543,148.83525828638443,148.34300129598094,154.4235310587262,154.34403776977857,150.90015072225353,150.00484353385403,158.6549159655303,158.97009759583824,34991.50718138167,11991.507181381667
921,35.0,48.50452776950451,173.158932531246,305.3456552554655,299.7984293401109,299.71533103058283,296.78309682113854,148.82896800178654,148.34575992671742,154.4197861683812,154.35121618425794,150.91241065221598,150.01062137689692,158.66540450860379,158.96609123250317,34998.49326005681,11998.493260056812
922,35.0,48.50521387200808,173.1675440128656,305.35260588122594,299.80764108815407,299.6974903596139,296.7776809021886,148.82135288493274,148.33719521918047,154.42061779335884,154.35243678643525,150.90864999029577,150.00520202278366,158.65741583173107,158.97661138051825,34992.15235410299,11992.152354102991
923,35.0,48.49089502734866,173.1682328624821,305.3608647884796,299.8006376695282,299.70657490360543,296.78473950964985,148.8299092991014,148.34453334735005,154.41580478628404,154.34510006356763,150.91221707919956,150.00083653035807,158.66561466346027,158.98023893696973,35001.364351873395,12001.364351873397
924,35.0,48.500753356882235,173.16268493056987,305.35430058424726,299.7969587834076,299.7077127907591,296.76908678378913,148.82493020737377,148.3386485122328,154.42061509956534,154.35886572308408,150.91110112840929,149.99737634387785,158.66306917171582,158.97121246189738,34994.93113879622,11994.931138796223
925,35.0,48.50197508519807,173.1636162095988,305.3540949622723,299.80231297397677,299.7031230576284,296.78188716592723,148.82500693325227,148.34896562196369,154.40417310240807,154.362531994652,150.9057801383342,150.0163166597883,158.66181194586312,158.97756149487853,35001.92866130699,12001.928661306993
926,35.0,48.50829700334531,173.16336211837373,305.36215788586355,299.80482362661746,299.7166600052752,296.7850665245194,148.83029773625083,148.35219040491904,154.42062454292716,154.35255026800107,150.89792323224714,150.00450923464194,158.659447998151,158.9714633551979,34992.35051285807,11992.350512858073
927,35.0,48.490523812936985,173.17252187815777,305.36479837528435,299.80228610730427,299.7145568856622,296.7832494468648,148.82010116489823,148.3446945571821,154.41992967503313,154.35037106286677,150.89843069756088,150.0016517469322,158.66452514310402,158.96955561991845,35009.51767736837,12009.51767736837
928,35.0,48.49255459033998,173.16462240728066,305.35133637044777,299.80011702588826,299.7010851272296,296.7829688632807,148.8233281909806,148.35597921676433,154.40519082677915,154.3616831237688,150.90235441965655,150.01643453969288,158.66349509596841,158.9711394004064,35008.65122407715,12008.651224077146
929,35.0,48.50492321999931,173.1716842458836,305.3601219008328,299.79505101717257,299.71259963381203,296.78450919933937,148.8254117886741,148.33881378158827,154.41419764852768,154.3528789115374,150.90382546961354,149.99847828299679,158.66237345970973,158.9795893401676,34997.83593877129,11997.835938771294
930,35.0,48.49403524009376,173.16945636126772,305.3538591010002,299.8058545644335,299.7150136408465,296.77090463713614,148.82413988092358,148.34321172121412,154.4077563763769,154.34894192663089,150.904279240433,150.0011028498175,158.65666242201382,158.97876913374978,34994.84357188252,11994.843571882522
931,35.0,48.50478056671424,173.17655998924818,305.3549845238586,299.79020413117274,299.70421351331333,296.77353336990484,148.81928075512837,148.35475542134355,154.41266291647815,154.35984572860184,150.90845683985728,150.00816486904532,158.66264450248045,158.97973183110142,34995.00796425707,11995.00796425707
932,35.0,48.495683503410206,173.16738150147523,305.3520116417424,299.79811884031665,299.71692960908143,296.7818732789141,148.8246001418199,148.34692324421437,154.41004335607695,154.3636102664951,150.89742184410707,150.01345263124836,158.6684113080709,158.97584672103548,34999.66787070405,11999.667870704048
933,35.0,48.50630315255185,173.17650009724906,305.35976542713263,299.80449004443733,299.71014003521213,296.7782377542089,148.82152864443094,148.34531214330048,154.4058503360391,154.34477333718505,150.90848596848815,150.01403001791073,158.65447476000443,158.97267158581343,34990.799856038015,11990.799856038015
934,35.0,48.49651509421404,173.17343242743777,305.3631621944405,299.807362529279,299.7017544576336,296.7789908419107,148.82330061726438,148.33906314099525,154.41918621584858,154.36184120728618,150.9046715321691,150.01324120064007,158.67179695806678,158.97080904474916,35002.7941021215,12002.794102121503
935,35.0,48.50947069888509,173.17356372894218,305.36071620698925,299.8002043989237,299.7015546263706,296.7729743113681,148.83692554387352,148.3534207961513,154.4136720903478,154.34422894796316,150.905445911357,150.01116980326594,158.65731373867024,158.98205296934043,34998.1660581668,11998.166058166795
936,35.0,48.50582238984872,173.16193483001186,305.3547009079029,299.806784119965,299.7062428603954,296.7726262443541,148.8255369760871,148.35542387275717,154.40442787935947,154.35793366745926,150.91385233547936,150.00624369463875,158.6648542942043,158.96667410732425,34997.548131451775,11997.548131451778
937,35.0,48.494108383245944,173.17049148343864,305.3568874512121,299.79891524700076,299.71449588838664,296.7726516686585,148.8262846181684,148.35270896600184,154.40562035900723,154.3470221875302,150.8980040489515,150.00389799142923,158.66186568736057,158.96958573859746,35006.18729942978,12006.187299429785
938,35.0,48.49886842126052,173.1591973766971,305.3637269134515,299.8018041749476,299.7144751949125,296.77725066472925,148.83273271139313,148.35497415248466,154.4190371390296,154.3567726292686,150.90028727681909,149.9998611053704,158.65538727319782,158.96897856335244,35004.18070920367,12004.180709203665
939,35.0,48.49935482396757,173.16694359964006,305.3543758094793,299.80389864921295,299.6988934777865,296.78012094635415,148.8296096435591,148.3432201217217,154.41451552764684,154.3519555925116,150.90944919796274,150.0015669071238,158.6669792075658,158.9735963143673,35009.08667630785,12009.086676307854
940,35.0,48.49186002336315,173.16199425969856,305.35455780830637,299.80625061867715,299.69921247840324,296.78366778864387,148.83184496031728,148.3503895082285,154.40791755923019,154.3539618381687,150.89935557429354,150.0120431111769,158.65779452258178,158.9670143502084,34997.038724809914,11997.038724809914
941,35.0,48.496186725902945,173.17074042363203,305.354077463859,299.79102184588703,299.6998657805223,296.7836921536923,148.83391972326228,148.35482015315003,154.41196238964906,154.34656427749454,150.9025330175878,150.00038941623816,158.65920111182024,158.97668711234473,35007.95085529299,12007.950855292987
942,35.0,48.49947440695249,173.17207286056558,305.35243872108276,299.79880296471936,299.69970550949574,296.77628613525803,148.82341366391285,148.35223940141177,154.41260762191743,154.35878958898252,150.90988076093922,149.99898659740663,158.67157512302558,158.97563991145807,35005.399343725,12005.399343725001
943,35.0,48.50145888975345,173.16373437763232,305.3604546203166,299.7906125268188,299.6985589032293,296.7714293703952,148.82944849809564,148.3383469844514,154.40587172936256,154.3599426566127,150.90806682210948,150.01545981127398,158.65984012195864,158.97922828567565,34997.14849303189,11997.148493031895
944,35.0,48.496597706864335,173.1660128468342,305.34725822583255,299.80950565011926,299.71110073051176,296.78878729976026,148.82371608479374,148.33798169912535,154.40943373633,154.3605601195116,150.89824538602372,150.00596336351444,158.65717329321174,158.9745331283505,35002.433308729065,12002.433308729065
945,35.0,48.494401566948696,173.1639729840403,305.3606979892974,299.7951624255669,299.70787523776767,296.7782178821076,148.82428783022897,148.34301171636818,154.41847125433998,154.36388818047584,150.90867820044593,150.01522930630935,158.6608443383315,158.96667671068582,34995.77139915303,11995.771399153035
946,35.0,48.490944451484886,173.1688543133514,305.35245563914896,299.7954433499979,299.7123306110362,296.7889435191248,148.82950669859392,148.34587828156316,154.4194050163723,154.3451109403689,150.9078073541293,150.01328418324792,158.66220435534436,158.97758141045222,35007.487998341494,12007.487998341498
947,35.0,48.50335123975132,173.16122031537654,305.3579332585248,299.80804590609426,299.70145897866064,296.7751731297624,148.83031237948222,148.34492176661553,154.40945927654954,154.35324732995448,150.9005620318914,150.008798508347,158.66061822370114,158.98061112292177,34992.24854634424,11992.248546344246
948,35.0,48.49486795672809,173.1709202643298,305.3598488235675,299.8047741038471,299.71199062009714,296.7793307410187,148.82222726310897,148.3378858711641,154.4092731104682,154.35543308131815,150.9100854246624,150.01613587490775,158.65561910359182,158.9837150518028,34994.24868722588,11994.248687225881
949,35.0,48.49259381029042,173.16585728208722,305.35224140413726,299.8065668328541,299.69781218072154,296.78516983617067,148.83252817467937,148.3506595846087,154.42179871165663,154.36080878587535,150.90168116894387,150.01475592236986,158.6597566494764,158.9660664847514,34993.6606658416,11993.660665841599
950,35.0,48.49043644483875,173.17530917090107,305.34716250395576,299.7993965983123,299.7066061363687,296.7846819215069,148.83618633667155,148.347191693063,154.41404331008548,154.34593925155653,150.89635312217237,150.00562945642156,158.66578348274186,158.97318625516664,34998.060520048086,11998.060520048086
951,35.0,48.49346777529882,173.17128269393407,305.355969299562,299.7958029445889,299.7052897515267,296.7768880353948,148.82357504029005,148.34227347807538,154.40970316120806,154.35406490847973,150.89832902891516,150.0144174270916,158.6677404115956,158.97676354737817,35004.90465920064,12004.904659200643
952,35.0,48.497335673459744,173.16029008295345,305.34572606102785,299.7934199506581,299.70086756765744,296.775861108177,148.83673779691776,148.34105737495832,154.40683287017092,154.34597086721706,150.8975327476349,150.0135866494266,158.65213465749326,158.97144634364912,35000.538148981046,12000.538148981044
953,35.0,48.49715283171078,173.1646753213902,305.35318915705665,299.8012568468435,299.6978324347228,296.7725486836097,148.831628117417,148.3505649088185,154.40753906650207,154.36035184491914,150.9044539433093,150.01287093650578,158.66366569659527,158.971659072702,34999.75352647076,11999.753526470764
954,35.0,48.495581922191995,173.16270560809127,305.3524165744603,299.79542895913755,299.71213805134704,296.77224295516396,148.83886077694194,148.3476194135,154.41127968944713,154.35643970929036,150.91171969725937,150.01472451002834,158.65803954833942,158.96453456326185,34990.01091929794,11990.01091929794
955,35.0,48.504192701680154,173.16129765382485,305.35364204159345,299.7953592314731,299.70930988766276,296.78890704009234,148.82158411689784,148.33884397931868,154.41523781546488,154.35453063739976,150.91344228433604,150.00116946541172,158.6659006162451,158.9706582367572,34998.508034507104,11998.508034507102
956,35.0,48.49519981999323,173.16932697392477,305.3621085194351,299.7927560022877,299.7025008795019,296.77458750758603,148.83605926874287,148.34241365691088,154.4155322562301,154.36349848664244,150.90536892103557,150.00148432971906,158.66033211851712,158.97273054040522,34991.27107549673,11991.271075496723
957,35.0,48.4915125100548,173.167498305194,305.3483107314712,299.8010295799546,299.7016396581119,296.7784579897267,148.83658846328558,148.3445871253405,154.4087044084935,154.35037260034477,150.9079399261507,150.01300578130522,158.65949031795026,158.97293246606804,34994.16506504243,11994.165065042429
958,35.0,48.505130560641824,173.16427222286953,305.3552566111534,299.809750885003,299.7120013725315,296.7726823398347,148.8294109987548,148.34339585451295,154.41167709386661,154.36334289617835,150.91073471495147,150.00760790481684,158.65408260048002,158.98372637190408,35008.64787877921,12008.64787877921
959,35.0,48.5066888130601,173.17594197974842,305.3565959573332,299.80283903961333,299.7068652729832,296.784764072433,148.8272500296961,148.3530014028123,154.40581058413366,154.35300157827186,150.89993763148405,150.00315586286456,158.66518256709938,158.9739617302337,34994.30796408687,11994.307964086865
960,35.0,48.50038809882794,173.17570165563765,305.35234803379507,299.8041080351156,299.7048537471066,296.7837406057582,148.82338375374934,148.3527589546964,154.42104453250266,154.36274055192314,150.8963610917452,150.01041695793845,158.6652869096265,158.9719811837409,35007.16675277268,12007.166752772686
961,35.0,48.50549784963825,173.16333781440468,305.3599305233332,299.8041015563777,299.70916668220434,296.76932844593733,148.83436280442123,148.35332181989418,154.40505283470426,154.35179916508966,150.89895490515755,150.00143405656485,158.66788910048257,158.96502288999497,35006.05786743123,12006.057867431227
962,35.0,48.503129474708295,173.17650233191983,305.34960565226504,299.7959905129861,299.70842807710807,296.77193546539775,148.83611811490834,148.34663570221136,154.40784034995795,154.35008353798318,150.8996464596187,150.00979494813015,158.6676203729294,158.97694464414303,34993.182924738845,11993.182924738845
963,35.0,48.491318253881744,173.16017835130333,305.36182109660047,299.809309483784,299.70261395367436,296.78464962718687,148.8263402879461,148.35401702283568,154.419760041294,154.35335929110352,150.9091742959555,150.01442555793133,158.65554760785307,158.96750140682252,35002.114239145405,12002.114239145405
964,35.0,48.49535214268126,173.17740347757223,305.3620890678414,299.8095741364756,299.7039977894303,296.78870570212774,148.83645297882683,148.34940636654733,154.41517991063918,154.3631705918251,150.90168681491585,150.0109209109313,158.65566860877735,158.9767344205663,34992.3132374381,11992.3132374381
965,35.0,48.50921693648917,173.16233386526983,305.3524080989065,299.8032858978792,299.71540083087393,296.7781360599558,148.82389083483716,148.34939534691827,154.4101801030779,154.36002248766653,150.90080091546466,149.99992157769574,158.67135362232148,158.96761750597167,35004.55776316739,12004.55776316739
966,35.0,48.50111121832407,173.17344039552432,305.3486870950863,299.807007740084,299.7062453493883,296.7817607038885,148.8333251558222,148.33884652597277,154.41638559513797,154.34478657817414,150.9056395208013,150.01204635167738,158.65997568843937,158.97800675540805,35002.74924554744,12002.749245547444
967,35.0,48.50506954865483,173.17648173383736,305.3615879321204,299.8024134916927,299.7144345564163,296.78025771352964,148.83578843234594,148.34071875322317,154.4116162670538,154.34415131147992,150.89708905984946,150.00508367707374,158.66276329872858,158.97045598490456,35006.23877123382,12006.23877123382
968,35.0,48.497096929961316,173.17097920302047,305.3468370554223,299.7993959087314,299.7066936288552,296.7768587021902,148.83472616102478,148.3452363751318,154.40660659316978,154.34827522436004,150.91249861813162,150.00020200436728,158.66631998241147,158.96917040308497,34999.587690987784,11999.587690987784
969,35.0,48.50949765897998,173.16216342962574,305.3632738497777,299.8051245940642,299.7032070689586,296.7884619371261,148.82730866737344,148.33913930634944,154.40495113883978,154.34857684772467,150.89713658692608,150.00586737208135,158.66239869328675,158.97018824442307,35008.29726175667,12008.297261756668
970,35.0,48.49198984871074,173.16046292482125,305.36420259755647,299.8001421198552,299.6970867683814,296.78586430615184,148.8268205855288,148.35599948237353,154.407055278614,154.34829578323797,150.91268854293773,150.00039368020475,158.6663691268002,158.97756891752655,34990.98697893577,11990.986978935769
971,35.0,48.503747055019716,173.17273629931628,305.3576821116135,299.7972730858541,299.7055306059338,296.7698085224827,148.83824263004732,148.354967986979,154.4150738159343,154.34677153106762,150.90300092162718,150.01407938827114,158.6611884744833,158.97598205389895,34995.85777130054,11995.85777130054
972,35.0,48.493501009749686,173.17517838760577,305.3455699141034,299.8087459617244,299.7010295974198,296.7832657767203,148.82447469348406,148.3431424937706,154.4219339419188,154.347038556988,150.915522344813,150.01303593930663,158.66364965081883,158.98084306431858,35004.301051949304,12004.301051949304
973,35.0,48.49404731445052,173.1739299212097,305.3464781236798,299.8036520043338,299.7150075217724,296.76918328300695,148.83125632416304,148.34839342486762,154.42326157448363,154.35123389188263,150.9114774693861,149.9992228578301,158.66506122756874,158.97203474217366,34998.36218423496,11998.36218423496
974,35.0,48.50968379236945,173.15948061502613,305.35009383367225,299.8022295486349,299.69945784359953,296.77497233515265,148.83571712212677,148.34960951508734,154.42391795436168,154.35208317442059,150.90844607326727,150.01591321445574,158.66226688948768,158.97323462180375,34993.459027085424,11993.459027085422
975,35.0,48.50939054075748,173.17720403869166,305.3483468425322,299.7912740748299,299.70617545135207,296.7734104921569,148.82512800238257,148.3392782160272,154.41620721185245,154.3631176540745,150.90093025284227,150.01234124623394,158.66190706507754,158.98263300320886,34992.14421490857,11992.14421490857
976,35.0,48.509831286498,173.16808923999042,305.3609187467132,299.7993001633126,299.7008280058799,296.7811390553836,148.8245391262295,148.34293009147322,154.42041929865195,154.35393038728773,150.9148752651763,150.00204043653858,158.66487973703943,158.98151064582765,35006.34678222923,12006.346782229233
977,35.0,48.506406550922016,173.17687565709963,305.35185445339926,299.80883365852293,299.70597041486957,296.7739512223801,148.8226451120294,148.34491994091422,154.4204664921257,154.35116076973563,150.90844353005016,150.0157399849496,158.66903950710193,158.98271510634683,34999.462859569314,11999.462859569312
978,35.0,48.50789627230579,173.16569117777132,305.35904035593484,299.8084814293959,299.7024102260532,296.78678573326977,148.8302064594608,148.35346742098574,154.41839241447101,154.3492998683426,150.90426235779142,150.00137015967914,158.66607985096186,158.97830458522566,35007.64567343838,12007.645673438383
979,35.0,48.49427437444844,173.17795980993884,305.35413594395635,299.7916332819463,299.71358163816365,296.77216325339145,148.83226117883595,148.3524361646024,154.40867004391635,154.34713332544325,150.9130707165871,150.0053659116632,158.6575638914156,158.97085394062285,35004.66578268634,12004.665782686334
980,35.0,48.49815041312398,173.1734050668238,305.34583416587543,299.8042116149024,299.69766440627143,296.76974847748147,148.83803045573342,148.3548327695071,154.41348002212868,154.35320385713038,150.90048752134678,150.01342447033852,158.66073470889566,158.98223765408855,34998.194524112616,11998.194524112614
981,35.0,48.49965798725483,173.16361588394327,305.35324655912063,299.8074020021908,299.7127126089905,296.7690087874277,148.83494251319487,148.343108833302,154.4124380658106,154.35330238938178,150.9146579045224,149.9994175977002,158.65764378808845,158.96730127554426,34997.47022028311,11997.470220283114
982,35.0,48.50352465887856,173.17182845441675,305.36026481618507,299.80986907003097,299.69737153164346,296.78241155258854,148.82791348025367,148.33741849015863,154.40937034110118,154.35713629607108,150.91143632330005,150.00928004591717,158.6610758017911,158.96433881552767,35000.31276693303,12000.312766933024
983,35.0,48.49523116420403,173.16990630889663,305.3649242562715,299.79777833234067,299.7065924006274,296.7703705594094,148.83154216587837,148.34179527825268,154.4134820333463,154.35578369025563,150.90908244029515,149.99963863388038,158.66401666167553,158.97749052870208,35007.78119906379,12007.781199063795
984,35.0,48.491047785997814,173.16100639638927,305.3581480848705,299.8023690349254,299.71597916245145,296.78440291460385,148.83627380378087,148.3528631420715,154.4103725587729,154.35620436970683,150.89989050008793,150.0081361662677,158.65270075691572,158.9825619282945,35004.745571594285,12004.745571594283
985,35.0,48.494419145358314,173.17197102848104,305.3512833750357,299.8023075365685,299.704111487637,296.77282245898425,148.83561557694517,148.34066886180898,154.4069467964493,154.3579509808791,150.90550767295488,149.99756639417853,158.67188506284677,158.97631262643455,34990.10305928538,11990.10305928538
986,35.0,48.494822453599525,173.17449390953078,305.36413631939433,299.8010450445852,299.69942346864883,296.7693520938704,148.825155488688,148.3487843261038,154.41318956004008,154.34986677233798,150.9030703073398,150.00703810429076,158.66509277219788,158.9761106529234,35003.88315702738,12003.883157027383
987,35.0,48.50103271263306,173.17766056824894,305.3499880763592,299.8055866914252,299.69984816787667,296.77725341081793,148.83238877164123,148.35507656649776,154.41582428079045,154.34998575567465,150.905365687624,150.01403729334697,158.6581927339356,158.97332818304133,35008.39014813812,12008.390148138116
988,35.0,48.49430217158392,173.16360638415307,305.3584763346001,299.79064179472437,299.707914398344,296.7803003819861,148.8272349050079,148.35234857962325,154.42280596276,154.36032402520397,150.91333341273153,150.0099630975752,158.65633415447977,158.9818020666292,35004.20911519009,12004.20911519009
989,35.0,48.50929872269273,173.16240973726215,305.360502750986,299.7922450191973,299.7070906851287,296.78716887443267,148.82627957183112,148.353300328534,154.42013331100952,154.35612850570922,150.90972592544284,150.01255832709919,158.65980205563915,158.97712607784732,34993.54011563135,11993.54011563135
990,35.0,48.50649344754109,173.1715716732253,305.3453260172229,299.7965323183401,299.71488634714837,296.78825464536584,148.83016947324927,148.34027017894797,154.41500602354415,154.34674506079858,150.91148078954114,149.99968798038438,158.65282091116111,158.98334966468335,34999.670362548546,11999.67036254855
991,35.0,48.49149281200154,173.1675724716088,305.3493653680268,299.8062339656738,299.71494306374893,296.77406684773655,148.8310218791694,148.3378699526494,154.41417992516443,154.35480427971368,150.89758655231802,150.01547411468638,158.65365605506622,158.97883002786102,34992.80632035847,11992.806320358468
992,35.0,48.50995135672133,173.16314135682006,305.3572652005274,299.801593827885,299.71230882458326,296.77632300680534,148.83771736386265,148.35507315531314,154.4204441365895,154.34462701536916,150.90227931145844,150.00105599341998,158.6544987444157,158.98046514830887,34997.179905566794,11997.179905566793
993,35.0,48.5022222546805,173.160586523725,305.3632753556614,299.79333421529645,299.7141098629942,296.77865922110186,148.83527746882888,148.34792394389976,154.40400482348466,154.35110100891976,150.90136666242987,150.013318455933,158.65997677453714,158.98308617941024,35008.74234083881,12008.74234083881
994,35.0,48.50504990038022,173.17471258646702,305.3640464939021,299.7983025313086,299.7049327834636,296.77630347493044,148.8238995413676,148.3414782470511,154.4098774993604,154.35162477081684,150.90420977902684,150.00908380912375,158.671533108646,158.9738237751518,35008.46610615117,12008.466106151174
995,35.0,48.50544542128509,173.16940925385748,305.34871522914557,299.7958475815829,299.71518651156543,296.78514567885395,148.819177365729,148.34472225683953,154.4096098686892,154.35219507948926,150.9079051604357,149.99787302960104,158.65565749001348,158.96940299253473,34995.65673704352,11995.656737043522
996,35.0,48.491280502157366,173.16286144051222,305.3559843159257,299.8057817737175,299.69730061624966,296.7889042548293,148.8361730913704,148.3548868293615,154.40839472532576,154.35812611046174,150.90776662353414,149.99710254401592,158.65933335963868,158.9838878635018,34996.79262088332,11996.792620883323
997,35.0,48.4980607599455,173.17453178417637,305.35955571418856,299.8039349889898,299.70900478013465,296.7717473709152,148.83232534534167,148.3395034796392,154.4174172687558,154.3592342156343,150.90517627266536,150.00277453626813,158.67036007229865,158.9761124540947,35002.00425736263,12002.004257362625
998,35.0,48.49147321383089,173.17749457086367,305.3561116718475,299.7991536569351,299.7141167438751,296.7870433433304,148.83076812581507,148.33785206057826,154.40591755053657,154.35590169938374,150.91406523535858,149.99825186186746,158.66973528073126,158.9677825245346,35009.26394590521,12009.263945905208
999,35.0,48.50567325780083,173.1597680927986,305.3524545440144,299.80038415516736,299.71082142171065,296.78005654030983,148.82610577570074,148.35397069681136,154.4066863297658,154.35743158924868,150.90074549669907,150.00288216698726,158.65641892490208,158.98348530073633,34992.956026681306,11992.956026681308
1000,35.0,48.496694372368005,173.1629162892369,305.36284096437265,299.7946653842634,299.69706054859296,296.78595755685853,148.82908148314306,148.3433873321536,154.41824415239063,154.3581335193712,150.91376571606486,149.99983899233945,158.65408226020074,158.96988351195156,34995.138332873736,11995.138332873734
